QC Date,QC Type,Inspector,Year,Method,POINT_X,POINT_Y,River_Mile,Restoration_RM,1000ftbreak,UCC Relate,PW Location,PW Relate,DATE,SPECIES,Survey,REACH,REDD_ID,AGE,REDD_LOC,GRAVEL,INJ_SITE,PRE_SUB,SIDE_SUB,TAIL_SUB,Fish_on_RE,MEASURE,WHY_NOT_ME,DATE_MEA,PRE_in,PIT_in,Tail_in,LENGTH_in,WIDTH_in,Velocity,FLOW_DEVIC,Bomb_ID,START_60,END_60,SEC_60,START_80,END_80,SECS_80,Bomb_vel60,Bomb_vel80,COMMENTS,Survey 2 Age,Survey 3 Age,Survey 4 Age,Survey_5_Age,Survey_6_Age,Survey_7_Age,Survey_8_Age,Survey_9_Age,Date 1,Age 1,Date 2 ,Age 2,Date 3 ,Age 3,Date 4,Age 4,Date 5,Age 5,Date 6,Age 6,Date 7,Age 7,Date 8,Age 8,Date 9,Age 9,Run,Reach,Date, Age,Survey
4/6/2022,,GM,2021,Snorkel,-122.5460259,40.59110136,17.656,17.994,,,8.2,Above,9/7/2021,Chinook,,R1,,2,,Injection,,2-3,1-2,1-2,,,,,6,19,5,170,55,,,,0,2049,100,,,,,,,,,,,,,,,,,,,,,,,,,,,,,,,,,,,,,
4/6/2022,,GM,2021,Snorkel,-122.5459356,40.59108293,17.655,17.992,,,8.2,Above,9/7/2021,Chinook,,R1,,2,,Injection,,2-3,2-3,2-3,,,,,21,28,13,140,45,,,,2000,5427,100,,,,,,,,,,,,,,,,,,,,,,,,,,,,,,,,,,,,,
4/6/2022,,GM,2021,Snorkel,-122.5461285,40.58917853,17.519,17.855,,,8.2,Above,9/7/2021,Chinook,,R1,,2,,Injection,,2-3,1-2,1-2,,,,,12,20,7,270,55,,,,9000,12088,100,,,,,,,,,,,,,,,,,,,,,,,,,,,,,,,,,,,,,
4/6/2022,,GM,2021,Snorkel,-122.5481487,40.58474746,16.868,17.164,,,8.2,Above,9/7/2021,Chinook,,R1,,2,,Injection,,1-2,1-2,1-2,,,,,21,27,14,210,94,,,,12000,13663,100,,,,,,,,,,,,,,,,,,,,,,,,,,,,,,,,,,,,,
4/6/2022,,GM,2021,Snorkel,-122.5478387,40.58488584,16.851,17.148,,,8.2,Above,9/7/2021,Chinook,,R1,,2,,Injection,,1-2,1-2,1-2,,,,,14,23,9,115,45,,,,13000,15359,105,,,,,,,,,,,,,,,,,,,,,,,,,,,,,,,,,,,,,
4/6/2022,,GM,2021,Snorkel,-122.540907,40.58181356,16.418,16.716,,,8.2,Above,9/7/2021,Chinook,,R1,,2,,Combination,,2-3,1-2,1-2,,,,,25,29,18,210,98,,,,898000,900900,101,,,,,,,,,,,,,,,,,,,,,,,,,,,,,,,,,,,,,
4/6/2022,,GM,2021,Snorkel,-122.5407829,40.58175538,16.410,16.709,,,8.2,Above,9/7/2021,Chinook,,R1,,2,,Combination,,1-2,2-3,1-2,,,,,16,22,14,190,60,,,,901000,903957,100,,,,,,,,,,,,,,,,,,,,,,,,,,,,,,,,,,,,,
4/6/2022,,GM,2021,Snorkel,-122.5405594,40.58149058,16.392,16.691,,,8.2,Above,9/7/2021,Chinook,,R1,,2,,Combination,,1-2,1-2,1-2,,,,,,,,,,,,,,,,,,,,,NO MEASUREMENTS TAKEN ,,,,,,,,,,,,,,,,,,,,,,,,,,,,,,,
4/6/2022,,GM,2021,Snorkel,-122.5458976,40.59221721,17.734,18.071,,,8.2,Above,9/7/2021,Chinook,,R1,,2,,Injection,,1-2,1-2,0.1 - 1,,,,,,,,,,,,,,,,,,,,,DEPTH 5 ' + NO MEASUREMENTS TAKEN TOOK PICTURE,,,,,,,,,,,,,,,,,,,,,,,,,,,,,,,
4/6/2022,,GM,2021,Snorkel,-122.5459438,40.59125948,17.667,18.004,,,8.2,Above,9/7/2021,Chinook,,R1,,2,,Injection,,2-3,2-3,2-3,,,,,18,21,12,120,50,,,,5000,9090,100,,,,,,,,,,,,,,,,,,,,,,,,,,,,,,,,,,,,,
4/6/2022,,GM,2021,Snorkel,-122.5507264,40.58615912,17.194,17.530,,,8.2,Above,9/7/2021,Chinook,,R1,,2,,Injection,,1-2,1-2,1-2,,,,,17,21,9,230,59,,,,88810,8070,100,,,,,,had forgotten to put to the thousand ,,,,,,,,,,,,,,,,,,,,,,,,,,,,,,,
4/6/2022,,GM,2021,Snorkel,-122.551415,40.58537451,17.129,17.466,,,8.2,Above,9/7/2021,Chinook,,R1,,2,,Injection,,1-2,1-2,1-2,,,,,10,15,5,157,38,,,,892500,894953,100,,,,,,had forgotten to put to the thousand ,,,,,,,,,,,,,,,,,,,,,,,,,,,,,,,
4/6/2022,,GM,2021,Snorkel,-122.5513479,40.58547459,17.137,17.473,,,8.2,Above,9/7/2021,Chinook,,R1,,2,,Injection,,2-3,1-2,1-2,,,,,17,23,9,190,120,,,,890800,892502,100,,,,,,had forgotten to put to the thousand,,,,,,,,,,,,,,,,,,,,,,,,,,,,,,,
4/6/2022,,GM,2021,Snorkel,-122.5513898,40.5853312,17.127,17.463,,,8.2,Above,9/7/2021,Chinook,,R1,,2,,Injection,,1-2,1-2,1-2,,,,,28,36,21,160,57,,,,895000,898440,100,,,,,,,,,,,,,,,,,,,,,,,,,,,,,,,,,,,,,
4/6/2022,,GM,2021,Snorkel,-122.5415695,40.58198414,16.454,16.752,,,8.2,Above,9/7/2021,Chinook,,R1,,2,,Injection,,2-3,2-3,2-3,,,,,10,16,7,125,45,,,,15000,17640,100,,,,,,PARTIAL REDD UPSTREAM ,,,,,,,,,,,,,,,,,,,,,,,,,,,,,,,
4/6/2022,,GM,2021,Snorkel,-122.5410003,40.58186679,16.424,16.723,,,8.2,Above,9/7/2021,Chinook,,R1,,2,,Combination,,2-3,2-3,2-3,,,,,30,37,24,180,51,,,,17000,19781,100,19000,22051,100,,,,,,,,,,,,,,,,,,,,,,,,,,,,,,,,,,
4/6/2022,,GM,2021,Snorkel,-122.5406429,40.58154247,16.398,16.695,,,8.2,Above,9/7/2021,Chinook,,R1,,2,,Combination,,1-2,1-2,2-3,,,,,14,18,11,108,46,,,,22000,23717,100,,,,,,,,,,,,,,,,,,,,,,,,,,,,,,,,,,,,,
4/6/2022,,GM,2021,Snorkel,-122.5404684,40.58148522,16.388,16.686,,,8.2,Above,9/7/2021,Chinook,,R1,,2,,Combination,,2-3,2-3,2-3,,,,,,,,,,,,,,,,,,,,,NO MEASUREMENTS TAKEN ,,,,,,,,,,,,,,,,,,,,,,,,,,,,,,,
4/6/2022,,GM,2021,Snorkel,-122.5385505,40.57924505,16.165,16.463,,,8.2,Above,9/17/2021,Chinook,Survey 1,R2,,2,,Combination,,1-2,2-3,2-3,,,,,10,12,9,103,67,,,,904000,905567,100,,,,,,Only measured first redd for time management ,,,,,,,,,,,,,,,,,,,,,,,,,,,,,,,
4/6/2022,,GM,2021,Snorkel,-122.538541,40.57923626,16.164,16.462,,,8.2,Above,9/17/2021,Chinook,Survey 1,R2,,2,,Combination,,1-2,1-2,1-2,,,,,,,,,,,,,,,,,,,,,,,,,,,,,,,,,,,,,,,,,,,,,,,,,,,,
4/6/2022,,GM,2021,Snorkel,-122.5385957,40.57920169,16.163,16.462,,,8.2,Above,9/17/2021,Chinook,Survey 1,R2,,2,,Combination,,2-3,2-3,2-3,,,,,,,,,,,,,,,,,,,,,,,,,,,,,,,,,,,,,,,,,,,,,,,,,,,,
4/6/2022,,GM,2021,Snorkel,-122.5386119,40.57916551,16.161,16.460,,,8.2,Above,9/17/2021,Chinook,Survey 1,R2,,2,,Combination,,1-2,1-2,1-2,,,,,,,,,,,,,,,,,,,,,,,,,,,,,,,,,,,,,,,,,,,,,,,,,,,,
4/6/2022,,GM,2021,Snorkel,-122.5383239,40.57896729,16.142,16.441,,,8.2,Above,9/17/2021,Chinook,Survey 1,R2,,3,,Combination,,< 0.1,0.1 - 1,1-2,,,,,,,,,,,,,,,,,,,,,,,,,,,,,,,,,,,,,,,,,,,,,,,,,,,,
4/6/2022,,GM,2021,Snorkel,-122.538336,40.57895787,16.142,16.441,,,8.2,Above,9/17/2021,Chinook,Survey 1,R2,,3,,Combination,,1-2,2-3,1-2,,,,,,,,,,,,,,,,,,,,,,,,,,,,,,,,,,,,,,,,,,,,,,,,,,,,
4/6/2022,,GM,2021,Snorkel,-122.5362463,40.57674086,15.932,16.234,,,8.2,Above,9/17/2021,Chinook,Survey 1,R2,,2,,Injection,,1-2,1-2,1-2,,,,,,,,,,,,,,,,,,,,,,,,,,,,,,,,,,,,,,,,,,,,,,,,,,,,
4/6/2022,,GM,2021,Snorkel,-122.5369834,40.57517309,15.800,16.105,,,8.2,Above,9/17/2021,Chinook,Survey 1,R2,,2,,Injection,,1-2,1-2,2-3,,,,,,,,,,,,,,,,,,,,,,,,,,,,,,,,,,,,,,,,,,,,,,,,,,,,
4/6/2022,,GM,2021,Snorkel,-122.5369927,40.57517129,15.801,16.105,,,8.2,Above,9/17/2021,Chinook,Survey 1,R2,,2,,Injection,,1-2,1-2,1-2,,,,,,,,,,,,,,,,,,,,,,,,,,,,,,,,,,,,,,,,,,,,,,,,,,,,
4/6/2022,,GM,2021,Snorkel,-122.5366594,40.57467302,15.761,16.066,,,8.2,Above,9/17/2021,Chinook,Survey 1,R2,,2,,Injection,,1-2,1-2,1-2,,,,,,,,,,,,,,,,,,,,,,,,,,,,,,,,,,,,,,,,,,,,,,,,,,,,
4/6/2022,,GM,2021,Snorkel,-122.5363366,40.57447929,15.738,16.045,,,8.2,Above,9/17/2021,Chinook,Survey 1,R2,,2,,Injection,,1-2,1-2,1-2,,,,,,,,,,,,,,,,,,,,,,,,,,,,,,,,,,,,,,,,,,,,,,,,,,,,
4/6/2022,,GM,2021,Snorkel,-122.5362769,40.57444933,15.734,16.041,,,8.2,Above,9/17/2021,Chinook,Survey 1,R2,,2,,Injection,,1-2,1-2,1-2,,,,,,,,,,,,,,,,,,,,,,,,,,,,,,,,,,,,,,,,,,,,,,,,,,,,
4/6/2022,,GM,2021,Snorkel,-122.5359079,40.57445494,15.709,16.019,,,8.2,Above,9/17/2021,Chinook,Survey 1,R2,,2,,Injection,,1-2,1-2,1-2,,,,,,,,,,,,,,,,,,,,,,3,4,,,,,,,,,10/6/2021,3,10/27/2021,4,,,,,,,,,,,,,,,,,
4/6/2022,,GM,2021,Snorkel,-122.5358162,40.57443706,15.704,16.014,,,8.2,Above,9/17/2021,Chinook,Survey 1,R2,,3,,Injection,,2-3,1-2,1-2,,,,,,,,,,,,,,,,,,,,,,,,,,,,,,,,,,,,,,,,,,,,,,,,,,,,
4/6/2022,,GM,2021,Snorkel,-122.5358162,40.57443706,15.704,16.014,,,8.2,Above,9/17/2021,Chinook,Survey 1,R2,,3,,Injection,,1-2,1-2,1-2,,,,,,,,,,,,,,,,,,,,,,,,,,,,,,,,,,,,,,,,,,,,,,,,,,,,
4/6/2022,,GM,2021,Snorkel,-122.5358184,40.57448308,15.704,16.014,,,8.2,Above,9/17/2021,Chinook,Survey 1,R2,,2,,Injection,,1-2,1-2,1-2,,,,,,,,,,,,,,,,,,,,,,,,,,,,,,,,,,,,,,,,,,,,,,,,,,,,
4/6/2022,,GM,2021,Snorkel,-122.5356696,40.57449117,15.697,16.006,,,8.2,Above,9/17/2021,Chinook,Survey 1,R2,,2,,Injection,,1-2,1-2,1-2,,,,,,,,,,,,,,,,,,,,,,,,,,,,,,,,,,,,,,,,,,,,,,,,,,,,
4/6/2022,,GM,2021,Snorkel,-122.5351415,40.57450634,15.668,15.978,,,8.2,Above,9/17/2021,Chinook,Survey 1,R2,,2,,Injection,,1-2,1-2,1-2,,,,,,,,,,,,,,,,,,,,,,,,,,,,,,,,,,,,,,,,,,,,,,,,,,,,
4/6/2022,,GM,2021,Snorkel,-122.5350689,40.57448496,15.665,15.974,,,8.2,Above,9/17/2021,Chinook,Survey 1,R2,,3,,Injection,,1-2,1-2,1-2,,,,,,,,,,,,,,,,,,,,,,,,,,,,,,,,,,,,,,,,,,,,,,,,,,,,
4/6/2022,,GM,2021,Snorkel,-122.5343607,40.57426452,15.623,15.932,,,8.2,Above,9/17/2021,Chinook,Survey 1,R2,,2,,Injection,,1-2,1-2,1-2,,,,,,,,,,,,,,,,,,,,,,,,,,,,,,,,,,,,,,,,,,,,,,,,,,,,
4/6/2022,,GM,2021,Snorkel,-122.5343096,40.57428758,15.622,15.931,,,8.2,Above,9/17/2021,Chinook,Survey 1,R2,,3,,Injection,,1-2,1-2,1-2,,,,,,,,,,,,,,,,,,,,,,,,,,,,,,,,,,,,,,,,,,,,,,,,,,,,
4/6/2022,,GM,2021,Snorkel,-122.5333338,40.57331818,15.535,15.842,,,8.2,Above,9/17/2021,Chinook,Survey 1,R2,,2,,Injection,,1-2,1-2,1-2,,,,,,,,,,,,,,,,,,,,,,,,,,,,,,,,,,,,,,,,,,,,,,,,,,,,
4/6/2022,,GM,2021,Snorkel,-122.5328823,40.57277889,15.490,15.798,,,8.2,Above,9/17/2021,Chinook,Survey 1,R2,,2,,Injection,,1-2,1-2,1-2,,,,,,,,,,,,,,,,,,,,,,,,,,,,,,,,,,,,,,,,,,,,,,,,,,,,
4/6/2022,,GM,2021,Snorkel,-122.5328614,40.57278111,15.490,15.798,,,8.2,Above,9/17/2021,Chinook,Survey 1,R2,,2,,Injection,,< 0.1,1-2,1-2,,,,,,,,,,,,,,,,,,,,,,,,,,,,,,,,,,,,,,,,,,,,,,,,,,,,
4/6/2022,,GM,2021,Snorkel,-122.5324574,40.57222991,15.446,15.754,,,8.2,Above,9/17/2021,Chinook,Survey 1,R2,,2,,Injection,,1-2,1-2,1-2,,,,,,,,,,,,,,,,,,,,,,,,,,,,,,,,,,,,,,,,,,,,,,,,,,,,
4/6/2022,,GM,2021,Snorkel,-122.5325229,40.57219367,15.446,15.753,,,8.2,Above,9/17/2021,Chinook,Survey 1,R2,,2,,Injection,,1-2,1-2,1-2,,,,,,,,,,,,,,,,,,,,,,,,,,,,,,,,,,,,,,,,,,,,,,,,,,,,
4/6/2022,,GM,2021,Snorkel,-122.5324673,40.57210028,15.438,15.746,,,8.2,Above,9/17/2021,Chinook,Survey 1,R2,,2,,Injection,,1-2,1-2,1-2,,,,,,,,,,,,,,,,,,,,,,,,,,,,,,,,,,,,,,,,,,,,,,,,,,,,
4/6/2022,,GM,2021,Snorkel,-122.5324125,40.57203516,15.432,15.740,,,8.2,Above,9/17/2021,Chinook,Survey 1,R2,,2,,Injection,,1-2,1-2,1-2,,,,,,,,,,,,,,,,,,,,,,,,,,,,,,,,,,,,,,,,,,,,,,,,,,,,
4/6/2022,,GM,2021,Snorkel,-122.5323422,40.57199984,15.429,15.737,,,8.2,Above,9/17/2021,Chinook,Survey 1,R2,,2,,Injection,,1-2,1-2,1-2,,,,,,,,,,,,,,,,,,,,,,,,,,,,,,,,,,,,,,,,,,,,,,,,,,,,
4/6/2022,,GM,2021,Snorkel,-122.5323361,40.57189532,15.421,15.730,,,8.2,Above,9/17/2021,Chinook,Survey 1,R2,,2,,Injection,,1-2,1-2,1-2,,,,,,,,,,,,,,,,,,,,,,,,,,,,,,,,,,,,,,,,,,,,,,,,,,,,
4/6/2022,,GM,2021,Snorkel,-122.5321582,40.57072017,15.336,15.645,,,8.2,Above,9/17/2021,Chinook,Survey 1,R2,,2,,Injection,,1-2,1-2,1-2,,,,,,,,,,,,,,,,,,,,,,,,,,,,,,,,,,,,,,,,,,,,,,,,,,,,
4/6/2022,,GM,2021,Snorkel,-122.5324442,40.5700854,15.289,15.599,,,8.2,Above,9/17/2021,Chinook,Survey 1,R2,,2,,Injection,,1-2,0.1 - 1,1-2,,,,,,,,,,,,,,,,,,,,,,,,,,,,,,,,,,,,,,,,,,,,,,,,,,,,
4/6/2022,,GM,2021,Snorkel,-122.5324416,40.56977734,15.269,15.577,,,8.2,Above,9/17/2021,Chinook,Survey 1,R2,,2,,Injection,,1-2,1-2,1-2,,,,,,,,,,,,,,,,,,,,,,,,,,,,,,,,,,,,,,,,,,,,,,,,,,,,
4/6/2022,,GM,2021,Snorkel,-122.5325199,40.56977658,15.269,15.577,,,8.2,Above,9/17/2021,Chinook,Survey 1,R2,,3,,Injection,,1-2,1-2,1-2,,,,,,,,,,,,,,,,,,,,,,,,,,,,,,,,,,,,,,,,,,,,,,,,,,,,
4/6/2022,,GM,2021,Snorkel,-122.5324104,40.56969006,15.263,15.572,,,8.2,Above,9/17/2021,Chinook,Survey 1,R2,,2,,Injection,,1-2,1-2,1-2,,,,,,,,,,,,,,,,,,,,,,,,,,,,,,,,,,,,,,,,,,,,,,,,,,,,
4/6/2022,,GM,2021,Snorkel,-122.532561,40.56956757,15.253,15.561,,,8.2,Above,9/17/2021,Chinook,Survey 1,R2,,2,,Native,,1-2,< 0.1,2-3,,,,,,,,,,,,,,,,,,,,,,,,,,,,,,,,,,,,,,,,,,,,,,,,,,,,
4/6/2022,,GM,2021,Snorkel,-122.5311753,40.56792157,15.109,15.418,,,8.2,Above,9/17/2021,Chinook,Survey 1,R2,,2,,Injection,,1-2,1-2,1-2,,,,,,,,,,,,,,,,,,,,,,,,,,,,,,,,,,,,,,,,,,,,,,,,,,,,
4/6/2022,,GM,2021,Snorkel,-122.5307725,40.5671444,15.049,15.360,,,8.2,Above,9/17/2021,Chinook,Survey 1,R2,,3,,Injection,,1-2,1-2,1-2,,,,,,,,,,,,,,,,,,,,,,,,,,,,,,,,,,,,,,,,,,,,,,,,,,,,
4/6/2022,,GM,2021,Snorkel,-122.5304498,40.56626033,14.981,15.295,,,8.2,Above,9/17/2021,Chinook,Survey 1,R2,,2,,Injection,,1-2,1-2,1-2,,,,,,,,,,,,,,,,,,,,,,,,,,,,,,,,,,,,,,,,,,,,,,,,,,,,
4/6/2022,,GM,2021,Snorkel,-122.5305681,40.56625299,14.984,15.298,,,8.2,Above,9/17/2021,Chinook,Survey 1,R2,,2,,Injection,,1-2,1-2,1-2,,,,,,,,,,,,,,,,,,,,,,,,,,,,,,,,,,,,,,,,,,,,,,,,,,,,
4/6/2022,,GM,2021,Snorkel,-122.5300627,40.56465745,14.866,15.181,,,8.2,Above,9/17/2021,Chinook,Survey 1,R2,,2,,Injection,,1-2,1-2,1-2,,,,,,,,,,,,,,,,,,,,,,,,,,,,,,,,,,,,,,,,,,,,,,,,,,,,
4/6/2022,,GM,2021,Snorkel,-122.5299983,40.56466925,14.867,15.181,,,8.2,Above,9/17/2021,Chinook,Survey 1,R2,,2,,Injection,,1-2,1-2,1-2,,,,,,,,,,,,,,,,,,,,,,,,,,,,,,,,,,,,,,,,,,,,,,,,,,,,
4/6/2022,,GM,2021,Snorkel,-122.5300053,40.56458431,14.862,15.176,,,8.2,Above,9/17/2021,Chinook,Survey 1,R2,,2,,Injection,,1-2,1-2,1-2,,,,,,,,,,,,,,,,,,,,,,,,,,,,,,,,,,,,,,,,,,,,,,,,,,,,
4/6/2022,,GM,2021,Snorkel,-122.53006,40.56458481,14.861,15.175,,,8.2,Above,9/17/2021,Chinook,Survey 1,R2,,2,,Injection,,1-2,1-2,1-2,,,,,,,,,,,,,,,,,,,,,,,,,,,,,,,,,,,,,,,,,,,,,,,,,,,,
4/6/2022,,GM,2021,Snorkel,-122.5308297,40.56257406,14.714,15.028,,,8.2,Above,9/17/2021,Chinook,Survey 1,R2,,2,,Injection,,1-2,1-2,1-2,,,,,,,,,,,,,,,,,,,,,,,,,,,,,,,,,,,,,,,,,,,,,,,,,,,,
4/6/2022,,GM,2021,Snorkel,-122.5412588,40.5945296,18.029,18.368,,,8.2,Above,9/18/2021,Chinook,Survey 1,R1,,2,,Injection,,1-2,1-2,2-3,,,,,25,30,22,128,40,,,,,,,,,,,,NO FLOW BOMB,,,,,,,,,,,,,,,,,,,,,,,,,,,,,,,
4/6/2022,,GM,2021,Snorkel,-122.5431924,40.59345176,17.902,18.241,,,8.2,Above,9/18/2021,Chinook,Survey 1,R1,,2,,Injection,,1-2,1-2,1-2,,,,,,,,,,,,,,,,,,,,,FISH ON REDD   1:10,,,,,,,,,,,,,,,,,,,,,,,,,,,,,,,
4/6/2022,,GM,2021,Snorkel,-122.5437638,40.59300304,17.860,18.197,,,8.2,Above,9/18/2021,Chinook,Survey 1,R1,,2,,Injection,,1-2,1-2,1-2,,,,,,,,,,,,,,,,,,,,,FISH ON REDD 1:10,,,,,,,,,,,,,,,,,,,,,,,,,,,,,,,
4/6/2022,,GM,2021,Snorkel,-122.5440467,40.59298437,17.848,18.185,,,8.2,Above,9/18/2021,Chinook,Survey 1,R1,,2,,Injection,,2-3,1-2,2-3,,,,,,,,,,,,,,,,,,,,,1:10,,,,,,,,,,,,,,,,,,,,,,,,,,,,,,,
4/6/2022,,GM,2021,Snorkel,-122.5460418,40.59181988,17.706,18.044,,,8.2,Above,9/18/2021,Chinook,Survey 1,R1,,3,,Combination,,1-2,1-2,1-2,,,,,,,,,,,,,,,,,,,,,1:10 FISH ON REDD,,,,,,,,,,,,,,,,,,,,,,,,,,,,,,,
4/6/2022,,GM,2021,Snorkel,-122.5461626,40.59162389,17.692,18.029,,,8.2,Above,9/18/2021,Chinook,Survey 1,R1,,2,,Native,,2-3,2-3,3-4,,,,,,,,,,,,,,,,,,,,,1:10 FISH,,,,,,,,,,,,,,,,,,,,,,,,,,,,,,,
4/6/2022,,GM,2021,Snorkel,-122.5459248,40.59179714,17.705,18.041,,,8.2,Above,9/18/2021,Chinook,Survey 1,R1,,2,,Injection,,1-2,1-2,1-2,,,,,,,,,,,,,,,,,,,,,1:10,,,,,,,,,,,,,,,,,,,,,,,,,,,,,,,
4/6/2022,,GM,2021,Snorkel,-122.5460051,40.59132958,17.672,18.009,,,8.2,Above,9/18/2021,Chinook,Survey 1,R1,,2,,Injection,,1-2,1-2,1-2,,,,,,,,,,,,,,,,,,,,,1:10,,,,,,,,,,,,,,,,,,,,,,,,,,,,,,,
4/6/2022,,GM,2021,Snorkel,-122.5459543,40.5911253,17.658,17.995,,,8.2,Above,9/18/2021,Chinook,Survey 1,R1,,2,,Injection,,1-2,1-2,1-2,,,,,,,,,,,,,,,,,,,,,1:10,,,,,,,,,,,,,,,,,,,,,,,,,,,,,,,
4/6/2022,,GM,2021,Snorkel,-122.5460354,40.59107462,17.655,17.992,,,8.2,Above,9/18/2021,Chinook,Survey 1,R1,,2,,Injection,,1-2,1-2,1-2,,,,,,,,,,,,,,,,,,,,,1:10,,,,,,,,,,,,,,,,,,,,,,,,,,,,,,,
4/6/2022,,GM,2021,Snorkel,-122.5459061,40.59102195,17.650,17.987,,,8.2,Above,9/18/2021,Chinook,Survey 1,R1,,2,,Injection,,1-2,1-2,1-2,,,,,14,20,4,230,70,,,,,,,,,,,,1:10,3,3,,,,,,,,,10/4/2021,3,10/25/2021,3,,,,,,,,,,,,,,,,,
4/6/2022,,GM,2021,Snorkel,-122.5458991,40.59085632,17.639,17.976,,,8.2,Above,9/18/2021,Chinook,Survey 1,R1,,2,,Combination,,1-2,2-3,1-2,,,,,,,,,,,,,,,,,,,,,,,,,,,,,,,,,,,,,,,,,,,,,,,,,,,,
4/6/2022,,GM,2021,Snorkel,-122.5458264,40.59061256,17.621,17.958,,,8.2,Above,9/18/2021,Chinook,Survey 1,R1,,2,,Injection,,1-2,1-2,1-2,,,,,,,,,,,,,,,,,,,,,,,,,,,,,,,,,,,,,,,,,,,,,,,,,,,,
4/6/2022,,GM,2021,Snorkel,-122.5458171,40.5897135,17.560,17.896,,,8.2,Above,9/18/2021,Chinook,Survey 1,R1,,2,,Injection,,1-2,1-2,1-2,,,,,,,,,,,,,,,,,,,,,,,,,,,,,,,,,,,,,,,,,,,,,,,,,,,,
4/6/2022,,GM,2021,Snorkel,-122.545892,40.58959728,17.551,17.887,,,8.2,Above,9/18/2021,Chinook,Survey 1,R1,,2,,Injection,,1-2,1-2,1-2,,,,,,,,,,,,,,,,,,,,,,,,,,,,,,,,,,,,,,,,,,,,,,,,,,,,
4/6/2022,,GM,2021,Snorkel,-122.5458798,40.58946532,17.542,17.878,,,8.2,Above,9/18/2021,Chinook,Survey 1,R1,,2,,Injection,,1-2,1-2,1-2,,,,,,,,,,,,,,,,,,,,,,,,,,,,,,,,,,,,,,,,,,,,,,,,,,,,
4/6/2022,,GM,2021,Snorkel,-122.5458981,40.58946855,17.542,17.878,,,8.2,Above,9/18/2021,Chinook,Survey 1,R1,,3,,Injection,,1-2,1-2,1-2,,,,,,,,,,,,,,,,,,,,,,,,,,,,,,,,,,,,,,,,,,,,,,,,,,,,
4/6/2022,,GM,2021,Snorkel,-122.5462101,40.58899505,17.506,17.842,,,8.2,Above,9/18/2021,Chinook,Survey 1,R1,,2,,Injection,,1-2,1-2,1-2,,,,,,,,,,,,,,,,,,,,,,,,,,,,,,,,,,,,,,,,,,,,,,,,,,,,
4/6/2022,,GM,2021,Snorkel,-122.5466589,40.58846228,17.461,17.797,,,8.2,Above,9/18/2021,Chinook,Survey 1,R1,,2,,Injection,,1-2,1-2,1-2,,,,,,,,,,,,,,,,,,,,,,,,,,,,,,,,,,,,,,,,,,,,,,,,,,,,
4/6/2022,,GM,2021,Snorkel,-122.546665,40.58835311,17.455,17.791,,,8.2,Above,9/18/2021,Chinook,Survey 1,R1,,2,,Injection,,1-2,1-2,1-2,,,,,,,,,,,,,,,,,,,,,,,,,,,,,,,,,,,,,,,,,,,,,,,,,,,,
4/6/2022,,GM,2021,Snorkel,-122.5471751,40.58814325,17.425,17.762,,,8.2,Above,9/18/2021,Chinook,Survey 1,R1,,2,,Injection,,1-2,1-2,1-2,,,,,17,22,6,120,90,,,,,,,,,,,,,,,,,,,,,,,,,,,,,,,,,,,,,,,,,,,
4/6/2022,,GM,2021,Snorkel,-122.5471306,40.58810747,17.426,17.762,,,8.2,Above,9/18/2021,Chinook,Survey 1,R1,,2,,Injection,,1-2,1-2,1-2,,,,,,,,,,,,,,,,,,,,,,,,,,,,,,,,,,,,,,,,,,,,,,,,,,,,
4/6/2022,,GM,2021,Snorkel,-122.5474767,40.58797061,17.406,17.742,,,8.2,Above,9/18/2021,Chinook,Survey 1,R1,,2,,Injection,,1-2,1-2,1-2,,,,,,,,,,,,,,,,,,,,,,,,,,,,,,,,,,,,,,,,,,,,,,,,,,,,
4/6/2022,,GM,2021,Snorkel,-122.5475681,40.58793099,17.400,17.736,,,8.2,Above,9/18/2021,Chinook,Survey 1,R1,,2,,Injection,,1-2,1-2,1-2,,,,,,,,,,,,,,,,,,,,,,,,,,,,,,,,,,,,,,,,,,,,,,,,,,,,
4/6/2022,,GM,2021,Snorkel,-122.5476099,40.58790355,17.397,17.733,,,8.2,Above,9/18/2021,Chinook,Survey 1,R1,,2,,Injection,,1-2,1-2,1-2,,,,,,,,,,,,,,,,,,,,,,,,,,,,,,,,,,,,,,,,,,,,,,,,,,,,
4/6/2022,,GM,2021,Snorkel,-122.5476534,40.58789068,17.395,17.731,,,8.2,Above,9/18/2021,Chinook,Survey 1,R1,,2,,Injection,,1-2,1-2,1-2,,,,,,,,,,,,,,,,,,,,,,,,,,,,,,,,,,,,,,,,,,,,,,,,,,,,
4/6/2022,,GM,2021,Snorkel,-122.5476578,40.58787154,17.394,17.730,,,8.2,Above,9/18/2021,Chinook,Survey 1,R1,,2,,Injection,,1-2,1-2,1-2,,,,,,,,,,,,,,,,,,,,,,,,,,,,,,,,,,,,,,,,,,,,,,,,,,,,
4/6/2022,,GM,2021,Snorkel,-122.5495755,40.5867883,17.268,17.604,,,8.2,Above,9/18/2021,Chinook,Survey 1,R1,,2,,Injection,,1-2,1-2,1-2,,,,,,,,,,,,,,,,,,,,,,,,,,,,,,,,,,,,,,,,,,,,,,,,,,,,
4/6/2022,,GM,2021,Snorkel,-122.5496402,40.58676324,17.264,17.601,,,8.2,Above,9/18/2021,Chinook,Survey 1,R1,,2,,Injection,,1-2,1-2,1-2,,,,,,,,,,,,,,,,,,,,,,,,,,,,,,,,,,,,,,,,,,,,,,,,,,,,
4/6/2022,,GM,2021,Snorkel,-122.5496813,40.58672051,17.261,17.597,,,8.2,Above,9/18/2021,Chinook,Survey 1,R1,,2,,Injection,,1-2,1-2,1-2,,,,,,,,,,,,,,,,,,,,,,,,,,,,,,,,,,,,,,,,,,,,,,,,,,,,
4/6/2022,,GM,2021,Snorkel,-122.5496923,40.58671808,17.260,17.597,,,8.2,Above,9/18/2021,Chinook,Survey 1,R1,,2,,Injection,,1-2,1-2,1-2,,,,,12,20,12,138,76,,,,,,,,,,,,,,,,,,,,,,,,,,,,,,,,,,,,,,,,,,,
4/6/2022,,GM,2021,Snorkel,-122.549827,40.58663315,17.251,17.587,,,8.2,Above,9/18/2021,Chinook,Survey 1,R1,,2,,Injection,,1-2,1-2,1-2,,,,,,,,,,,,,,,,,,,,,,,,,,,,,,,,,,,,,,,,,,,,,,,,,,,,
4/6/2022,,GM,2021,Snorkel,-122.5500015,40.58664059,17.244,17.580,,,8.2,Above,9/18/2021,Chinook,Survey 1,R1,,2,,Injection,,1-2,1-2,1-2,,,,,,,,,,,,,,,,,,,,,,,,,,,,,,,,,,,,,,,,,,,,,,,,,,,,
4/6/2022,,GM,2021,Snorkel,-122.5505683,40.58627629,17.205,17.542,,,8.2,Above,9/18/2021,Chinook,Survey 1,R1,,2,,Injection,,1-2,1-2,1-2,,,,,,,,,,,,,,,,,,,,,,,,,,,,,,,,,,,,,,,,,,,,,,,,,,,,
4/6/2022,,GM,2021,Snorkel,-122.5505771,40.58621631,17.202,17.539,,,8.2,Above,9/18/2021,Chinook,Survey 1,R1,,2,,Injection,,1-2,1-2,1-2,,,,,,,,,,,,,,,,,,,,,,,,,,,,,,,,,,,,,,,,,,,,,,,,,,,,
4/6/2022,,GM,2021,Snorkel,-122.5507333,40.5861846,17.194,17.531,,,8.2,Above,9/18/2021,Chinook,Survey 1,R1,,2,,Injection,,1-2,1-2,1-2,,,,,,,,,,,,,,,,,,,,,,,,,,,,,,,,,,,,,,,,,,,,,,,,,,,,
4/6/2022,,GM,2021,Snorkel,-122.5507319,40.58615756,17.193,17.530,,,8.2,Above,9/18/2021,Chinook,Survey 1,R1,,2,,Injection,,1-2,1-2,1-2,,,,,,,,,,,,,,,,,,,,,,,,,,,,,,,,,,,,,,,,,,,,,,,,,,,,
4/6/2022,,GM,2021,Snorkel,-122.5513766,40.58545502,17.135,17.471,,,8.2,Above,9/18/2021,Chinook,Survey 1,R1,,2,,Native,,0.1 - 1,0.1 - 1,0.1 - 1,,,,,,,,,,,,,,,,,,,,,,,,,,,,,,,,,,,,,,,,,,,,,,,,,,,,
4/6/2022,,GM,2021,Snorkel,-122.5513876,40.58544674,17.134,17.471,,,8.2,Above,9/18/2021,Chinook,Survey 1,R1,,2,,Native,,0.1 - 1,0.1 - 1,1-2,,,,,,,,,,,,,,,,,,,,,,,,,,,,,,,,,,,,,,,,,,,,,,,,,,,,
4/6/2022,,GM,2021,Snorkel,-122.5514562,40.58528765,17.123,17.459,,,8.2,Above,9/18/2021,Chinook,Survey 1,R1,,2,,Native,,1-2,1-2,1-2,,,,,,,,,,,,,,,,,,,,,,,,,,,,,,,,,,,,,,,,,,,,,,,,,,,,
4/6/2022,,GM,2021,Snorkel,-122.5514253,40.58526107,17.122,17.458,,,8.2,Above,9/18/2021,Chinook,Survey 1,R1,,2,,Injection,,1-2,1-2,1-2,,,,,,,,,,,,,,,,,,,,,,,,,,,,,,,,,,,,,,,,,,,,,,,,,,,,
4/6/2022,,GM,2021,Snorkel,-122.5514647,40.5852421,17.120,17.456,,,8.2,Above,9/18/2021,Chinook,Survey 1,R1,,2,,Combination,,1-2,1-2,1-2,,,,,,,,,,,,,,,,,,,,,,,,,,,,,,,,,,,,,,,,,,,,,,,,,,,,
4/6/2022,,GM,2021,Snorkel,-122.5514241,40.5852109,17.119,17.455,,,8.2,Above,9/18/2021,Chinook,Survey 1,R1,,2,,Combination,,1-2,0.1 - 1,0.1 - 1,,,,,,,,,,,,,,,,,,,,,,,,,,,,,,,,,,,,,,,,,,,,,,,,,,,,
4/6/2022,,GM,2021,Snorkel,-122.551557,40.58522446,17.118,17.453,,,8.2,Above,9/18/2021,Chinook,Survey 1,R1,,2,,Combination,,0.1 - 1,1-2,1-2,,,,,,,,,,,,,,,,,,,,,,,,,,,,,,,,,,,,,,,,,,,,,,,,,,,,
4/6/2022,,GM,2021,Snorkel,-122.5515869,40.58518665,17.115,17.450,,,8.2,Above,9/18/2021,Chinook,Survey 1,R1,,2,,Native,,1-2,0.1 - 1,1-2,,,,,20,22,10,113,93,,,,,,,,,,,,,,,,,,,,,,,,,,,,,,,,,,,,,,,,,,,
4/6/2022,,GM,2021,Snorkel,-122.5515356,40.58508108,17.109,17.445,,,8.2,Above,9/18/2021,Chinook,Survey 1,R1,,2,,Native,,0.1 - 1,0.1 - 1,0.1 - 1,,,,,,,,,,,,,,,,,,,,,,,,,,,,,,,,,,,,,,,,,,,,,,,,,,,,
4/6/2022,,GM,2021,Snorkel,-122.5515123,40.58505724,17.107,17.444,,,8.2,Above,9/18/2021,Chinook,Survey 1,R1,,2,,Native,,0.1 - 1,0.1 - 1,0.1 - 1,,,,,,,,,,,,,,,,,,,,,,,,,,,,,,,,,,,,,,,,,,,,,,,,,,,,
4/6/2022,,GM,2021,Snorkel,-122.5515947,40.58503572,17.105,17.441,,,8.2,Above,9/18/2021,Chinook,Survey 1,R1,,2,,Native,,0.1 - 1,1-2,0.1 - 1,,,,,,,,,,,,,,,,,,,,,,,,,,,,,,,,,,,,,,,,,,,,,,,,,,,,
4/6/2022,,GM,2021,Snorkel,-122.5516345,40.58505149,17.105,17.441,,,8.2,Above,9/18/2021,Chinook,Survey 1,R1,,2,,Injection,,0.1 - 1,0.1 - 1,0.1 - 1,,,,,,,,,,,,,,,,,,,,,,,,,,,,,,,,,,,,,,,,,,,,,,,,,,,,
4/6/2022,,GM,2021,Snorkel,-122.5516445,40.58485667,17.093,17.428,,,8.2,Above,9/18/2021,Chinook,Survey 1,R1,,2,,Combination,,1-2,1-2,1-2,,,,,,,,,,,,,,,,,,,,,,,,,,,,,,,,,,,,,,,,,,,,,,,,,,,,
4/6/2022,,GM,2021,Snorkel,-122.5517071,40.5848426,17.092,17.426,,,8.2,Above,9/18/2021,Chinook,Survey 1,R1,,2,,Combination,,1-2,1-2,1-2,,,,,,,,,,,,,,,,,,,,,,,,,,,,,,,,,,,,,,,,,,,,,,,,,,,,
4/6/2022,,GM,2021,Snorkel,-122.5515953,40.58482052,17.091,17.427,,,8.2,Above,9/18/2021,Chinook,Survey 1,R1,,2,,Combination,,1-2,1-2,1-2,,,,,,,,,,,,,,,,,,,,,,,,,,,,,,,,,,,,,,,,,,,,,,,,,,,,
4/6/2022,,GM,2021,Snorkel,-122.5516044,40.58474767,17.086,17.422,,,8.2,Above,9/18/2021,Chinook,Survey 1,R1,,2,,Combination,,1-2,1-2,0.1 - 1,,,,,,,,,,,,,,,,,,,,,,,,,,,,,,,,,,,,,,,,,,,,,,,,,,,,
4/6/2022,,GM,2021,Snorkel,-122.5516135,40.58468274,17.082,17.417,,,8.2,Above,9/18/2021,Chinook,Survey 1,R1,,2,,Combination,,2-3,1-2,1-2,,,,,,,,,,,,,,,,,,,,,,,,,,,,,,,,,,,,,,,,,,,,,,,,,,,,
4/6/2022,,GM,2021,Snorkel,-122.5512617,40.58430559,17.051,17.333,,,8.2,Above,9/18/2021,Chinook,Survey 1,R1,,2,,Combination,,1-2,1-2,0.1 - 1,,,,,,,,,,,,,,,,,,,,,,,,,,,,,,,,,,,,,,,,,,,,,,,,,,,,
4/6/2022,,GM,2021,Snorkel,-122.5500414,40.58484249,16.967,17.263,,,8.2,Above,9/18/2021,Chinook,Survey 1,R1,,2,,Injection,,1-2,1-2,1-2,,,,,,,,,,,,,,,,,,,,,,,,,,,,,,,,,,,,,,,,,,,,,,,,,,,,
4/6/2022,,GM,2021,Snorkel,-122.5490434,40.58479579,16.915,17.211,,,8.2,Above,9/18/2021,Chinook,Survey 1,R1,,2,,Injection,,1-2,1-2,1-2,,,,,19,25,16,113,62,,,,,,,,,,,,,,,,,,,,,,,,,,,,,,,,,,,,,,,,,,,
4/6/2022,,GM,2021,Snorkel,-122.5487484,40.58481921,16.899,17.196,,,8.2,Above,9/18/2021,Chinook,Survey 1,R1,,2,,Combination,,1-2,1-2,1-2,,,,,,,,,,,,,,,,,,,,,,,,,,,,,,,,,,,,,,,,,,,,,,,,,,,,
4/6/2022,,GM,2021,Snorkel,-122.5487158,40.58484248,16.897,17.194,,,8.2,Above,9/18/2021,Chinook,Survey 1,R1,,2,,Combination,,1-2,0.1 - 1,0.1 - 1,,,,,,,,,,,,,,,,,,,,,,,,,,,,,,,,,,,,,,,,,,,,,,,,,,,,
4/6/2022,,GM,2021,Snorkel,-122.5484063,40.58481874,16.881,17.178,,,8.2,Above,9/18/2021,Chinook,Survey 1,R1,,2,,Injection,,1-2,1-2,1-2,,,,,,,,,,,,,,,,,,,,,,,,,,,,,,,,,,,,,,,,,,,,,,,,,,,,
4/6/2022,,GM,2021,Snorkel,-122.5475824,40.58485767,16.838,17.134,,,8.2,Above,9/18/2021,Chinook,Survey 1,R1,,3,,Injection,,1-2,1-2,1-2,,,,,,,,,,,,,,,,,,,,,,,,,,,,,,,,,,,,,,,,,,,,,,,,,,,,
4/6/2022,,GM,2021,Snorkel,-122.5475539,40.58491609,16.836,17.133,,,8.2,Above,9/18/2021,Chinook,Survey 1,R1,,3,,Injection,,1-2,1-2,1-2,,,,,,,,,,,,,,,,,,,,,,,,,,,,,,,,,,,,,,,,,,,,,,,,,,,,
4/6/2022,,GM,2021,Snorkel,-122.5425883,40.5824522,16.517,16.815,,,8.2,Above,9/18/2021,Chinook,Survey 1,R1,,3,,Combination,,0.1 - 1,0.1 - 1,1-2,,,,,,,,,,,,,,,,,,,,,,,,,,,,,,,,,,,,,,,,,,,,,,,,,,,,
4/6/2022,,GM,2021,Snorkel,-122.5409815,40.58179171,16.421,16.719,,,8.2,Above,9/18/2021,Chinook,Survey 1,R1,,2,,Injection,,1-2,1-2,1-2,,,,,,,,,,,,,,,,,,,,,,,,,,,,,,,,,,,,,,,,,,,,,,,,,,,,
4/6/2022,,GM,2021,Snorkel,-122.5409779,40.58179927,16.421,16.719,,,8.2,Above,9/18/2021,Chinook,Survey 1,R1,,2,,Injection,,1-2,0.1 - 1,1-2,,,,,,,,,,,,,,,,,,,,,,,,,,,,,,,,,,,,,,,,,,,,,,,,,,,,
4/6/2022,,GM,2021,Snorkel,-122.5386976,40.58647244,16.454,,,,8.2,Above,9/18/2021,Chinook,Survey 1,R1,,2,,Injection,,1-2,1-2,1-2,,,,,,,,,,,,,,,,,,,,,,,,,,,,,,,,,,,,,,,,,,,,,,,,,,,,
4/6/2022,,GM,2021,Snorkel,-122.5408789,40.58173795,16.414,16.713,,,8.2,Above,9/18/2021,Chinook,Survey 1,R1,,2,,Native,,1-2,1-2,1-2,,,,,,,,,,,,,,,,,,,,,,,,,,,,,,,,,,,,,,,,,,,,,,,,,,,,
4/6/2022,,GM,2021,Snorkel,-122.5407847,40.58175594,16.410,16.709,,,8.2,Above,9/18/2021,Chinook,Survey 1,R1,,2,,Combination,,1-2,1-2,1-2,,,,,,,,,,,,,,,,,,,,,,,,,,,,,,,,,,,,,,,,,,,,,,,,,,,,
4/6/2022,,GM,2021,Snorkel,-122.5407564,40.58172122,16.408,16.706,,,8.2,Above,9/18/2021,Chinook,Survey 1,R1,,2,,Injection,,1-2,1-2,1-2,,,,,,,,,,,,,,,,,,,,,,,,,,,,,,,,,,,,,,,,,,,,,,,,,,,,
4/6/2022,,GM,2021,Snorkel,-122.5407175,40.58164922,16.404,16.702,,,8.2,Above,9/18/2021,Chinook,Survey 1,R1,,2,,Injection,,1-2,1-2,1-2,,,,,,,,,,,,,,,,,,,,,,,,,,,,,,,,,,,,,,,,,,,,,,,,,,,,
4/6/2022,,GM,2021,Snorkel,-122.5406787,40.58156884,16.400,16.697,,,8.2,Above,9/18/2021,Chinook,Survey 1,R1,,2,,Injection,,1-2,1-2,1-2,,,,,,,,,,,,,,,,,,,,,,,,,,,,,,,,,,,,,,,,,,,,,,,,,,,,
4/6/2022,,GM,2021,Snorkel,-122.5406652,40.58152032,16.398,16.695,,,8.2,Above,9/18/2021,Chinook,Survey 1,R1,,2,,Combination,,< 0.1,< 0.1,< 0.1,,,,,,,,,,,,,,,,,,,,,,,,,,,,,,,,,,,,,,,,,,,,,,,,,,,,
4/6/2022,,GM,2021,Snorkel,-122.5405984,40.5815037,16.394,16.693,,,8.2,Above,9/18/2021,Chinook,Survey 1,R1,,2,,Combination,,< 0.1,< 0.1,< 0.1,,,,,,,,,,,,,,,,,,,,,,,,,,,,,,,,,,,,,,,,,,,,,,,,,,,,
4/6/2022,,GM,2021,Snorkel,-122.54061,40.58153911,16.396,16.695,,,8.2,Above,9/18/2021,Chinook,Survey 1,R1,,2,,Injection,,1-2,1-2,1-2,,,,,,,,,,,,,,,,,,,,,,,,,,,,,,,,,,,,,,,,,,,,,,,,,,,,
4/6/2022,,GM,2021,Snorkel,-122.5405679,40.58150199,16.393,16.692,,,8.2,Above,9/18/2021,Chinook,Survey 1,R1,,2,,Injection,,1-2,0.1 - 1,0.1 - 1,,,,,,,,,,,,,,,,,,,,,,,,,,,,,,,,,,,,,,,,,,,,,,,,,,,,
4/6/2022,,GM,2021,Snorkel,-122.5404822,40.5814787,16.389,16.687,,,8.2,Above,9/18/2021,Chinook,Survey 1,R1,,2,,Injection,,0.1 - 1,1-2,1-2,,,,,,,,,,,,,,,,,,,,,,,,,,,,,,,,,,,,,,,,,,,,,,,,,,,,
4/6/2022,,GM,2021,Snorkel,-122.5401853,40.58159144,16.375,16.673,,,8.2,Above,9/18/2021,Chinook,Survey 1,R1,,2,,Injection,,1-2,1-2,1-2,,,,,,,,,,,,,,,,,,,,,,,,,,,,,,,,,,,,,,,,,,,,,,,,,,,,
4/6/2022,,GM,2021,Snorkel,-122.5396789,40.58149757,16.348,16.646,,,8.2,Above,9/18/2021,Chinook,Survey 1,R1,,2,,Injection,,1-2,1-2,1-2,,,,,,,,,,,,,,,,,,,,,,,,,,,,,,,,,,,,,,,,,,,,,,,,,,,,
4/6/2022,,GM,2021,Snorkel,-122.5396473,40.58147504,16.346,16.644,,,8.2,Above,9/18/2021,Chinook,Survey 1,R1,,2,,Injection,,0.1 - 1,0.1 - 1,0.1 - 1,,,,,,,,,,,,,,,,,,,,,,,,,,,,,,,,,,,,,,,,,,,,,,,,,,,,
4/6/2022,,GM,2021,Snorkel,-122.5390421,40.581128,16.303,16.601,,,8.2,Above,9/18/2021,Chinook,Survey 1,R1,,2,,Injection,,1-2,1-2,1-2,,,,,20,26,15,83,178,,,,,,,,,,,,,,,,,,,,,,,,,,,,,,,,,,,,,,,,,,,
4/6/2022,,GM,2021,Snorkel,-122.5355476,40.53720918,12.801,13.133,,,8.2,Above,9/19/2021,Chinook,Survey 1,R3,,2,,Native,,1-2,3-Feb,1-2,,,,,,,,,,,,,,,,,,,,,1:10,,,,,,,,,,,,,,,,,,,,,,,,,,,,,,,
4/6/2022,,GM,2021,Snorkel,-122.5354343,40.53489579,12.640,12.972,,,8.2,Above,9/19/2021,Chinook,Survey 1,R3,,2,,Native,,0.1 - 1,1-2,1-2,,,,,24,24,14,135,64,,,,24000,25460,100,,,,,,1:10,,,,,,,,,,,,,,,,,,,,,,,,,,,,,,,
4/6/2022,,GM,2021,Snorkel,-122.5354006,40.53493491,12.642,12.975,,,8.2,Above,9/19/2021,Chinook,Survey 1,R3,,2,,Native,,0.1 - 1,1-2,1-2,,,,,,,,,,,,,,,,,,,,,1:10,,,,,,,,,,,,,,,,,,,,,,,,,,,,,,,
4/6/2022,,GM,2021,Snorkel,-122.5354265,40.5349943,12.646,12.978,,,8.2,Above,9/19/2021,Chinook,Survey 1,R3,,2,,Native,,0.1 - 1,1-2,1-2,,,,,,,,,,,,,,,,,,,,,1:10,3,5,,,,,,,,,10/7/2021,3,10/27/2021,5,,,,,,,,,,,,,,,,,
4/6/2022,,GM,2021,Snorkel,-122.5356241,40.53470798,12.626,12.958,,,8.2,Above,9/19/2021,Chinook,Survey 1,R3,,2,,Native,,3-Feb,3-Feb,1-2,,,,,,,,,,,,,,,,,,,,,1:10,,,,,,,,,,,,,,,,,,,,,,,,,,,,,,,
4/6/2022,,GM,2021,Snorkel,-122.5355858,40.53412697,12.585,12.918,,,8.2,Above,9/19/2021,Chinook,Survey 1,R3,,2,,Native,,0.1 - 1,3-Feb,1-2,,,,,,,,,,,,,,,,,,,,,1:10,,,,,,,,,,,,,,,,,,,,,,,,,,,,,,,
4/6/2022,,GM,2021,Snorkel,-122.5356377,40.53409649,12.583,12.915,,,8.2,Above,9/19/2021,Chinook,Survey 1,R3,,2,,Native,,0.1 - 1,1-2,0.1 - 1,,,,,,,,,,,,,,,,,,,,,1:10,,,,,,,,,,,,,,,,,,,,,,,,,,,,,,,
4/6/2022,,GM,2021,Snorkel,-122.5356251,40.53404824,12.580,12.912,,,8.2,Above,9/19/2021,Chinook,Survey 1,R3,,2,,Native,,0.1 - 1,4-Mar,1-2,,,,,,,,,,,,,,,,,,,,,1:10,,,,,,,,,,,,,,,,,,,,,,,,,,,,,,,
4/6/2022,,GM,2021,Snorkel,-122.5356772,40.53399437,12.575,12.908,,,8.2,Above,9/19/2021,Chinook,Survey 1,R3,,2,,Native,,< 0.1,< 0.1,3-Feb,,,,,,,,,,,,,,,,,,,,,1:10,,,,,,,,,,,,,,,,,,,,,,,,,,,,,,,
4/6/2022,,GM,2021,Snorkel,-122.5355775,40.53369299,12.554,12.887,,,8.2,Above,9/19/2021,Chinook,Survey 1,R3,,2,,Native,,3-Feb,3-Feb,1-2,,,,,,,,,,,,,,,,,,,,,1:10,,,,,,,,,,,,,,,,,,,,,,,,,,,,,,,
4/6/2022,,GM,2021,Snorkel,-122.5296386,40.51986366,11.486,11.813,,,8.2,Above,9/19/2021,Chinook,Survey 1,R3,,2,,Native,,0.1 - 1,1-2,1-2,,,,,,,,,,,,,,,,,,,,,1:10,,,,,,,,,,,,,,,,,,,,,,,,,,,,,,,
4/6/2022,,GM,2021,Snorkel,-122.5270108,40.51698262,11.243,11.571,,,8.2,Above,9/19/2021,Chinook,Survey 1,R3,,2,,Native,,< 0.1,0.1 - 1,1-2,,,,,,,,,,,,,,,,,,,,,1:10,,,,,,,,,,,,,,,,,,,,,,,,,,,,,,,
4/6/2022,,GM,2021,Snorkel,-122.5270108,40.51698262,11.243,11.571,,,8.2,Above,9/19/2021,Chinook,Survey 1,R3,,2,,Native,,1-2,1-2,2-3,,,,,,,,,,,,,,,,,,,,,1:10,,,,,,,,,,,,,,,,,,,,,,,,,,,,,,,
4/6/2022,,GM,2021,Snorkel,-122.5269504,40.51691623,11.238,11.565,,,8.2,Above,9/19/2021,Chinook,Survey 1,R3,,2,,Native,,1-2,1-2,1-2,,,,,28,48,27,194,148,,,,25000,26735,100,,,,,,1:10,,,,,,,,,,,,,,,,,,,,,,,,,,,,,,,
4/6/2022,,GM,2021,Snorkel,-122.5268873,40.5168986,11.234,11.562,,,8.2,Above,9/19/2021,Chinook,Survey 1,R3,,2,,Native,,1-2,< 0.1,1-2,,,,,,,,,,,,,,,,,,,,,1:10,,,,,,,,,,,,,,,,,,,,,,,,,,,,,,,
4/6/2022,,GM,2021,Snorkel,-122.5268566,40.51687616,11.232,11.560,,,8.2,Above,9/19/2021,Chinook,Survey 1,R3,,2,,Native,,1-2,0.1 - 1,1-2,,,,,,,,,,,,,,,,,,,,,1:10,,,,,,,,,,,,,,,,,,,,,,,,,,,,,,,
4/6/2022,,GM,2021,Snorkel,-122.5265948,40.51669893,11.214,11.541,,,8.2,Above,9/19/2021,Chinook,Survey 1,R3,,2,,Native,,1-2,1-2,1-2,,,,,,,,,,,,,,,,,,,,,1:10,,,,,,,,,,,,,,,,,,,,,,,,,,,,,,,
4/6/2022,,GM,2021,Snorkel,-122.5257503,40.51609828,11.153,11.480,,,8.2,Above,9/19/2021,Chinook,Survey 1,R3,,2,,Native,,1-2,1-2,1-2,,,,,,,,,,,,,,,,,,,,,1:10,,,,,,,,,,,,,,,,,,,,,,,,,,,,,,,
4/6/2022,,GM,2021,Snorkel,-122.5256937,40.51609542,11.151,11.478,,,8.2,Above,9/19/2021,Chinook,Survey 1,R3,,2,,Native,,1-2,1-2,1-2,,,,,,,,,,,,,,,,,,,,,1:10,,,,,,,,,,,,,,,,,,,,,,,,,,,,,,,
4/6/2022,,GM,2021,Snorkel,-122.4970191,40.49425153,8.589,8.916,,,8.2,Above,9/21/2021,Chinook,Survey 1,R5A,,2,,Combination,,0.1 - 1,1-2,1-2,,,,,,,,,,,,,,,,,,,,,1 in 5 sample rate,,,,,,,,,,,,,,,,,,,,,,,,,,,,,,,
4/6/2022,,GM,2021,Snorkel,-122.4969121,40.49385947,8.561,8.889,,,8.2,Above,9/21/2021,Chinook,Survey 1,R5A,,2,,Injection,,1-2,2-3,2-3,,,,,,,,,,,,,,,,,,,,,1 in 5 sample,,,,,,,,,,,,,,,,,,,,,,,,,,,,,,,
4/6/2022,,GM,2021,Snorkel,-122.4968865,40.49385907,8.561,8.888,,,8.2,Above,9/21/2021,Chinook,Survey 1,R5A,,2,,Injection,,2-3,2-3,2-3,,,,,,,,,,,,,,,,,,,,,1 in 5 sample,,,,,,,,,,,,,,,,,,,,,,,,,,,,,,,
4/6/2022,,GM,2021,Snorkel,-122.4968519,40.49388565,8.562,8.890,,,8.2,Above,9/21/2021,Chinook,Survey 1,R5A,,2,,Injection,,2-3,2-3,1-2,,,,,,,,,,,,,,,,,,,,,1 in 5 sample,,,,,,,,,,,,,,,,,,,,,,,,,,,,,,,
4/6/2022,,GM,2021,Snorkel,-122.4969443,40.49372456,8.552,8.880,,,8.2,Above,9/21/2021,Chinook,Survey 1,R5A,,2,,Injection,,1-2,1-2,1-2,,,,,17,24,11,186,93,,,,905000,907216,100,,,,,,1 in 5 sample,,,,,,,,,,,,,,,,,,,,,,,,,,,,,,,
4/6/2022,,GM,2021,Snorkel,-122.4968628,40.49374889,8.553,8.880,,,8.2,Above,9/21/2021,Chinook,Survey 1,R5A,,2,,Injection,,2-3,2-3,2-3,,,,,,,,,,,,,,,,,,,,,1 in 5 sample,,,,,,,,,,,,,,,,,,,,,,,,,,,,,,,
4/6/2022,,GM,2021,Snorkel,-122.496788,40.49379462,8.555,8.883,,,8.2,Above,9/21/2021,Chinook,Survey 1,R5A,,2,,Injection,,1-2,1-2,1-2,,,,,,,,,,,,,,,,,,,,,1 in 5 sample,,,,,,,,,,,,,,,,,,,,,,,,,,,,,,,
4/6/2022,,GM,2021,Snorkel,-122.4968404,40.49373419,8.552,8.879,,,8.2,Above,9/21/2021,Chinook,Survey 1,R5A,,2,,Injection,,1-2,2-3,2-3,,,,,,,,,,,,,,,,,,,,,"1 in 5 sample, partial superimposes on rc redd",,,,,,,,,,,,,,,,,,,,,,,,,,,,,,,
4/6/2022,,GM,2021,Snorkel,-122.4968106,40.49369921,8.549,8.876,,,8.2,Above,9/21/2021,Chinook,Survey 1,R5A,,2,,Injection,,1-2,1-2,2-3,,,,,,,,,,,,,,,,,,,,,1 in 5 sample,3,5,,,,,,,,,10/8/2021,3,10/29/2021,5,,,,,,,,,,,,,,,,,
4/6/2022,,GM,2021,Snorkel,-122.4968272,40.49363863,8.545,8.873,,,8.2,Above,9/21/2021,Chinook,Survey 1,R5A,,2,,Injection,,2-3,1-2,2-3,,,,,10,16,9,225,107,,,,907000,910283,100,,,,,,1 in 5 sample,,,,,,,,,,,,,,,,,,,,,,,,,,,,,,,
4/6/2022,,GM,2021,Snorkel,-122.4967821,40.49361433,8.543,8.870,,,8.2,Above,9/21/2021,Chinook,Survey 1,R5A,,2,,Injection,,0.1 - 1,1-2,2-3,,,,,,,,,,,,,,,,,,,,,1 in 5 sample,,,,,,,,,,,,,,,,,,,,,,,,,,,,,,,
4/6/2022,,GM,2021,Snorkel,-122.4967505,40.49357052,8.540,8.867,,,8.2,Above,9/21/2021,Chinook,Survey 1,R5A,,2,,Injection,,1-2,1-2,1-2,,,,,,,,,,,,,,,,,,,,,1 in 5 sample,,,,,,,,,,,,,,,,,,,,,,,,,,,,,,,
4/6/2022,,GM,2021,Snorkel,-122.4967803,40.49352677,8.537,8.865,,,8.2,Above,9/21/2021,Chinook,Survey 1,R5A,,2,,Injection,,1-2,1-2,2-3,,,,,,,,,,,,,,,,,,,,,1 in 5 sample,,,,,,,,,,,,,,,,,,,,,,,,,,,,,,,
4/6/2022,,GM,2021,Snorkel,-122.4968222,40.49353849,8.539,8.866,,,8.2,Above,9/21/2021,Chinook,Survey 1,R5A,,2,,Injection,,1-2,1-2,2-3,,,,,,,,,,,,,,,,,,,,,1 in 5 sample,,,,,,,,,,,,,,,,,,,,,,,,,,,,,,,
4/6/2022,,GM,2021,Snorkel,-122.496728,40.49346788,8.533,8.860,,,8.2,Above,9/21/2021,Chinook,Survey 1,R5A,,2,,Injection,,1-2,1-2,1-2,,,,,,,,,,,,,,,,,,,,,1 in 10 sample,,,,,,,,,,,,,,,,,,,,,,,,,,,,,,,
4/6/2022,,GM,2021,Snorkel,-122.4967511,40.49345919,8.532,8.860,,,8.2,Above,9/21/2021,Chinook,Survey 1,R5A,,2,,Injection,,1-2,1-2,2-3,,,,,,,,,,,,,,,,,,,,,1 in 10 sample,,,,,,,,,,,,,,,,,,,,,,,,,,,,,,,
4/6/2022,,GM,2021,Snorkel,-122.4967966,40.49344052,8.532,8.859,,,8.2,Above,9/21/2021,Chinook,Survey 1,R5A,,2,,Injection,,1-2,1-2,2-3,,,,,,,,,,,,,,,,,,,,,1 in 10 sample,,,,,,,,,,,,,,,,,,,,,,,,,,,,,,,
4/6/2022,,GM,2021,Snorkel,-122.4967073,40.49340248,8.528,8.855,,,8.2,Above,9/21/2021,Chinook,Survey 1,R5A,,2,,Injection,,1-2,1-2,2-3,,,,,,,,,,,,,,,,,,,,,"1 in 10 sample, FOR",,,,,,,,,,,,,,,,,,,,,,,,,,,,,,,
4/6/2022,,GM,2021,Snorkel,-122.4966712,40.4930448,8.503,8.831,,,8.2,Above,9/21/2021,Chinook,Survey 1,R5A,,2,,Injection,,1-2,1-2,1-2,,,,,,,,,,,,,,,,,,,,,1 in 10 sample,,,,,,,,,,,,,,,,,,,,,,,,,,,,,,,
4/6/2022,,GM,2021,Snorkel,-122.4966547,40.49300938,8.501,8.828,,,8.2,Above,9/21/2021,Chinook,Survey 1,R5A,,2,,Injection,,2-3,2-3,1-2,,,,,,,,,,,,,,,,,,,,,1 in 10 sample,,,,,,,,,,,,,,,,,,,,,,,,,,,,,,,
4/6/2022,,GM,2021,Snorkel,-122.4966489,40.49295275,8.497,8.824,,,8.2,Above,9/21/2021,Chinook,Survey 1,R5A,,2,,Injection,,1-2,1-2,2-3,,,,,,,,,,,,,,,,,,,,,1 in 10 sample,,,,,,,,,,,,,,,,,,,,,,,,,,,,,,,
4/6/2022,,GM,2021,Snorkel,-122.4965761,40.49292761,8.495,8.822,,,8.2,Above,9/21/2021,Chinook,Survey 1,R5A,,2,,Injection,,1-2,1-2,2-3,,,,,,,,,,,,,,,,,,,,,1 in 10 sample,,,,,,,,,,,,,,,,,,,,,,,,,,,,,,,
4/6/2022,,GM,2021,Snorkel,-122.4965714,40.49245478,8.462,8.789,,,8.2,Above,9/21/2021,Chinook,Survey 1,R5A,,2,,Injection,,0.1 - 1,1-2,1-2,,,,,,,,,,,,,,,,,,,,,1 in 10 sample,,,,,,,,,,,,,,,,,,,,,,,,,,,,,,,
4/6/2022,,GM,2021,Snorkel,-122.4966202,40.49221169,8.445,8.771,,,8.2,Above,9/21/2021,Chinook,Survey 1,R5A,,2,,Injection,,1-2,1-2,1-2,,,,,7,14,13,182,90,,,,910000,910703,100,,,,,,1 in 10 sample,,,,,,,,,,,,,,,,,,,,,,,,,,,,,,,
4/6/2022,,GM,2021,Snorkel,-122.4963721,40.49122811,8.376,8.702,,,8.2,Above,9/21/2021,Chinook,Survey 1,R5A,,2,,Injection,,2-3,2-3,1-2,,,,,,,,,,,,,,,,,,,,,"1 in 10 sample,LARGe rocks throughout redd",,,,,,,,,,,,,,,,,,,,,,,,,,,,,,,
4/6/2022,,GM,2021,Snorkel,-122.4966133,40.4910959,8.360,8.691,,,8.2,Above,9/21/2021,Chinook,Survey 1,R5A,,2,,Injection,,1-2,1-2,1-2,,,,,,,,,,,,,,,,,,,,,1 in 10 sample,,,,,,,,,,,,,,,,,,,,,,,,,,,,,,,
4/6/2022,,GM,2021,Snorkel,-122.4964397,40.49097578,8.359,8.686,,,8.2,Above,9/21/2021,Chinook,Survey 1,R5A,,2,,Injection,,0.1 - 1,1-2,2-3,,,,,,,,,,,,,,,,,,,,,1 in 10 sample,,,,,,,,,,,,,,,,,,,,,,,,,,,,,,,
4/6/2022,,GM,2021,Snorkel,-122.4964438,40.49094544,8.357,8.685,,,8.2,Above,9/21/2021,Chinook,Survey 1,R5A,,2,,Injection,,1-2,1-2,1-2,,,,,,,,,,,,,,,,,,,,,1 in 10 sample,,,,,,,,,,,,,,,,,,,,,,,,,,,,,,,
4/6/2022,,GM,2021,Snorkel,-122.4967192,40.49080506,8.341,8.668,,,8.2,Above,9/21/2021,Chinook,Survey 1,R5A,,2,,Injection,,2-3,1-2,2-3,,,,,,,,,,,,,,,,,,,,,1 in 10 sample,,,,,,,,,,,,,,,,,,,,,,,,,,,,,,,
4/6/2022,,GM,2021,Snorkel,-122.4967774,40.49063989,8.329,8.657,,,8.2,Above,9/21/2021,Chinook,Survey 1,R5A,,2,,Injection,,0.1 - 1,1-2,1-2,,,,,,,,,,,,,,,,,,,,,1 in 10 sample,,,,,,,,,,,,,,,,,,,,,,,,,,,,,,,
4/6/2022,,GM,2021,Snorkel,-122.4968802,40.49038523,8.311,8.637,,,8.2,Above,9/21/2021,Chinook,Survey 1,R5A,,2,,Injection,,1-2,1-2,1-2,,,,,,,,,,,,,,,,,,,,,1 in 10 sample,,,,,,,,,,,,,,,,,,,,,,,,,,,,,,,
4/6/2022,,GM,2021,Snorkel,-122.4968297,40.49026278,8.302,8.628,,,8.2,Above,9/21/2021,Chinook,Survey 1,R5A,,2,,Injection,,1-2,1-2,2-3,,,,,,,,,,,,,,,,,,,,,,,,,,,,,,,,,,,,,,,,,,,,,,,,,,,,
4/6/2022,,GM,2021,Snorkel,-122.4966803,40.48986875,8.274,8.599,,,8.2,Above,9/21/2021,Chinook,Survey 1,R5A,,2,,Injection,,4-5,2-3,1-2,,,,,,,,,,,,,,,,,,,,,"1 in 10 sample, large rocks in redd",,,,,,,,,,,,,,,,,,,,,,,,,,,,,,,
4/6/2022,,GM,2021,Snorkel,-122.4965308,40.4897422,8.262,8.588,,,8.2,Above,9/21/2021,Chinook,Survey 1,R5A,,2,,Injection,,0.1 - 1,1-2,1-2,,,,,20,27,6,234,171,,,,911000,912640,100,,,,,,1 in 10 sample ,,,,,,,,,,,,,,,,,,,,,,,,,,,,,,,
4/6/2022,,GM,2021,Snorkel,-122.4963979,40.48967244,8.253,8.579,,,8.2,Above,9/21/2021,Chinook,Survey 1,R5A,,2,,Injection,,1-2,1-2,1-2,,,,,,,,,,,,,,,,,,,,,1 in 10 sample ,,,,,,,,,,,,,,,,,,,,,,,,,,,,,,,
4/6/2022,,GM,2021,Snorkel,-122.4964387,40.48966651,8.255,8.580,,,8.2,Above,9/21/2021,Chinook,Survey 1,R5A,,2,,Injection,,1-2,1-2,2-3,,,,,,,,,,,,,,,,,,,,,1 in 10 sample ,,,,,,,,,,,,,,,,,,,,,,,,,,,,,,,
4/6/2022,,GM,2021,Snorkel,-122.4963075,40.48961318,8.247,8.573,,,8.2,Above,9/21/2021,Chinook,Survey 1,R5A,,2,,Injection,,0.1 - 1,1-2,1-2,,,,,,,,,,,,,,,,,,,,,1 in 10 sample ,,,,,,,,,,,,,,,,,,,,,,,,,,,,,,,
4/6/2022,,GM,2021,Snorkel,-122.4961669,40.48958621,8.239,8.565,,,8.2,Above,9/21/2021,Chinook,Survey 1,R5A,,2,,Injection,,< 0.1,0.1 - 1,1-2,,,,,,,,,,,,,,,,,,,,,1 in 10 sample ,,,,,,,,,,,,,,,,,,,,,,,,,,,,,,,
4/6/2022,,GM,2021,Snorkel,-122.5213935,40.5105745,10.630,10.960,,,8.2,Above,9/21/2021,Chinook,Survey 1,R4,,2,,Injection,,1-2,2-3,1-2,,,,,22,33,14,160,91,,,,26000,29068,100,,,,,,1/10 FREQUENCY ,,,,,,,,,,,,,,,,,,,,,,,,,,,,,,,
4/6/2022,,GM,2021,Snorkel,-122.5214175,40.51059841,10.631,10.962,,,8.2,Above,9/21/2021,Chinook,Survey 1,R4,,2,,Injection,,2-3,2-3,2-3,,,,,,,,,,,,,,,,,,,,,1/10,,,,,,,,,,,,,,,,,,,,,,,,,,,,,,,
4/6/2022,,GM,2021,Snorkel,-122.5214411,40.51056953,10.632,10.962,,,8.2,Above,9/21/2021,Chinook,Survey 1,R4,,3,,Injection,,1-2,1-2,2-3,,,,,,,,,,,,,,,,,,,,,1/10,,,,,,,,,,,,,,,,,,,,,,,,,,,,,,,
4/6/2022,,GM,2021,Snorkel,-122.5214397,40.51053541,10.631,10.961,,,8.2,Above,9/21/2021,Chinook,Survey 1,R4,,2,,Injection,,1-2,1-2,2-3,,,,,,,,,,,,,,,,,,,,,1/10,,,,,,,,,,,,,,,,,,,,,,,,,,,,,,,
4/6/2022,,GM,2021,Snorkel,-122.5213671,40.51052064,10.627,10.957,,,8.2,Above,9/21/2021,Chinook,Survey 1,R4,,2,,Injection,,2-3,2-3,2-3,,,,,,,,,,,,,,,,,,,,,1/10,,,,,,,,,,,,,,,,,,,,,,,,,,,,,,,
4/6/2022,,GM,2021,Snorkel,-122.5213956,40.51051273,10.629,10.958,,,8.2,Above,9/21/2021,Chinook,Survey 1,R4,,2,,Injection,,2-3,2-3,2-3,,,,,,,,,,,,,,,,,,,,,1/10,,,,,,,,,,,,,,,,,,,,,,,,,,,,,,,
4/6/2022,,GM,2021,Snorkel,-122.5212973,40.5105675,10.625,10.956,,,8.2,Above,9/21/2021,Chinook,Survey 1,R4,,2,,Injection,,2-3,2-3,2-3,,,,,,,,,,,,,,,,,,,,,1/10,,,,,,,,,,,,,,,,,,,,,,,,,,,,,,,
4/6/2022,,GM,2021,Snorkel,-122.5198336,40.51041277,10.546,10.875,,,8.2,Above,9/21/2021,Chinook,Survey 1,R4,,2,,Injection,,2-3,2-3,2-3,,,,,,,,,,,,,,,,,,,,,1/10,,,,,,,,,,,,,,,,,,,,,,,,,,,,,,,
4/6/2022,,GM,2021,Snorkel,-122.5198347,40.51035422,10.543,10.873,,,8.2,Above,9/21/2021,Chinook,Survey 1,R4,,2,,Injection,,1-2,1-2,1-2,,,,,,,,,,,,,,,,,,,,,1/10,,,,,,,,,,,,,,,,,,,,,,,,,,,,,,,
4/6/2022,,GM,2021,Snorkel,-122.5197714,40.51041573,10.544,10.871,,,8.2,Above,9/21/2021,Chinook,Survey 1,R4,,2,,Injection,,1-2,1-2,2-3,,,,,,,,,,,,,,,,,,,,,1/10,,,,,,,,,,,,,,,,,,,,,,,,,,,,,,,
4/6/2022,,GM,2021,Snorkel,-122.5196816,40.51028658,10.534,10.864,,,8.2,Above,9/21/2021,Chinook,Survey 1,R4,,2,,Injection,,0.1 - 1,1-2,1-2,,,,,,,,,,,,,,,,,,,,,1/10,,,,,,,,,,,,,,,,,,,,,,,,,,,,,,,
4/6/2022,,GM,2021,Snorkel,-122.5196754,40.51034508,10.537,10.865,,,8.2,Above,9/21/2021,Chinook,Survey 1,R4,,2,,Injection,,0.1 - 1,1-2,1-2,,,,,29,36,16,153,100,,,,29000,31343,100,,,,,,1/10,,,,,,,,,,,,,,,,,,,,,,,,,,,,,,,
4/6/2022,,GM,2021,Snorkel,-122.5196155,40.51036115,10.535,10.862,,,8.2,Above,9/21/2021,Chinook,Survey 1,R4,,2,,Injection,,1-2,2-3,2-3,,,,,,,,,,,,,,,,,,,,,1/10,,,,,,,,,,,,,,,,,,,,,,,,,,,,,,,
4/6/2022,,GM,2021,Snorkel,-122.5195713,40.51034946,10.531,10.860,,,8.2,Above,9/21/2021,Chinook,Survey 1,R4,,2,,Injection,,1-2,2-3,2-3,,,,,,,,,,,,,,,,,,,,,1/10,,,,,,,,,,,,,,,,,,,,,,,,,,,,,,,
4/6/2022,,GM,2021,Snorkel,-122.5196065,40.51029602,10.531,10.858,,,8.2,Above,9/21/2021,Chinook,Survey 1,R4,,2,,Injection,,1-2,1-2,2-3,,,,,,,,,,,,,,,,,,,,,1/10,,,,,,,,,,,,,,,,,,,,,,,,,,,,,,,
4/6/2022,,GM,2021,Snorkel,-122.5172276,40.51040257,10.401,10.731,,,8.2,Above,9/21/2021,Chinook,Survey 1,R4,,2,,Injection,,0.1 - 1,1-2,1-2,,,,,,,,,,,,,,,,,,,,,1/10,3,,,,,,,,,,10/7/2021,3,,,,,,,,,,,,,,,,,,,
4/6/2022,,GM,2021,Snorkel,-122.5172681,40.51034584,10.405,10.734,,,8.2,Above,9/21/2021,Chinook,Survey 1,R4,,2,,Injection,,1-2,1-2,1-2,,,,,,,,,,,,,,,,,,,,,1/10,5,,,,,,,,,,10/28/2021,5,,,,,,,,,,,,,,,,,,,
4/6/2022,,GM,2021,Snorkel,-122.5170048,40.51043977,10.389,10.719,,,8.2,Above,9/21/2021,Chinook,Survey 1,R4,,2,,Injection,,1-2,1-2,2-3,,,,,,,,,,,,,,,,,,,,,1/10,,,,,,,,,,,,,,,,,,,,,,,,,,,,,,,
4/6/2022,,GM,2021,Snorkel,-122.5170078,40.51045023,10.389,10.719,,,8.2,Above,9/21/2021,Chinook,Survey 1,R4,,2,,Injection,,1-2,2-3,2-3,,,,,,,,,,,,,,,,,,,,,1/10,,,,,,,,,,,,,,,,,,,,,,,,,,,,,,,
4/6/2022,,GM,2021,Snorkel,-122.5169963,40.51041083,10.389,10.719,,,8.2,Above,9/21/2021,Chinook,Survey 1,R4,,2,,Injection,,1-2,2-3,2-3,,,,,,,,,,,,,,,,,,,,,1/10,,,,,,,,,,,,,,,,,,,,,,,,,,,,,,,
4/6/2022,,GM,2021,Snorkel,-122.5167772,40.51044151,10.377,10.707,,,8.2,Above,9/21/2021,Chinook,Survey 1,R4,,2,,Injection,,1-2,1-2,1-2,,,,,,,,,,,,,,,,,,,,,1/10,,,,,,,,,,,,,,,,,,,,,,,,,,,,,,,
4/6/2022,,GM,2021,Snorkel,-122.5166648,40.51049049,10.372,10.701,,,8.2,Above,9/21/2021,Chinook,Survey 1,R4,,2,,Injection,,1-2,2-3,2-3,,,,,,,,,,,,,,,,,,,,,1/10,,,,,,,,,,,,,,,,,,,,,,,,,,,,,,,
4/6/2022,,GM,2021,Snorkel,-122.5166217,40.5105109,10.370,10.699,,,8.2,Above,9/21/2021,Chinook,Survey 1,R4,,2,,Injection,,1-2,2-3,2-3,,,,,,,,,,,,,,,,,,,,,1/10,,,,,,,,,,,,,,,,,,,,,,,,,,,,,,,
4/6/2022,,GM,2021,Snorkel,-122.516572,40.51051001,10.367,10.696,,,8.2,Above,9/21/2021,Chinook,Survey 1,R4,,2,,Injection,,1-2,1-2,1-2,,,,,10,15,5,135,67,,,,31000,32548,100,,,,,,1/10,,,,,,,,,,,,,,,,,,,,,,,,,,,,,,,
4/6/2022,,GM,2021,Snorkel,-122.5165772,40.5104723,10.367,10.696,,,8.2,Above,9/21/2021,Chinook,Survey 1,R4,,2,,Injection,,1-2,2-3,2-3,,,,,,,,,,,,,,,,,,,,,Start of 1/20,,,,,,,,,,,,,,,,,,,,,,,,,,,,,,,
4/6/2022,,GM,2021,Snorkel,-122.5148952,40.50985136,10.250,10.579,,,8.2,Above,9/21/2021,Chinook,Survey 1,R4,,2,,Injection,,1-2,1-2,1-2,,,,,,,,,,,,,,,,,,,,,1\20,,,,,,,,,,,,,,,,,,,,,,,,,,,,,,,
4/6/2022,,GM,2021,Snorkel,-122.5149078,40.50980789,10.247,10.576,,,8.2,Above,9/21/2021,Chinook,Survey 1,R4,,2,,Injection,,1-2,1-2,1-2,,,,,,,,,,,,,,,,,,,,,1\20,,,,,,,,,,,,,,,,,,,,,,,,,,,,,,,
4/6/2022,,GM,2021,Snorkel,-122.5148643,40.50971516,10.240,10.569,,,8.2,Above,9/21/2021,Chinook,Survey 1,R4,,2,,Injection,,1-2,1-2,2-3,,,,,,,,,,,,,,,,,,,,,1\20,,,,,,,,,,,,,,,,,,,,,,,,,,,,,,,
4/6/2022,,GM,2021,Snorkel,-122.5147666,40.50931653,10.212,10.541,,,8.2,Above,9/21/2021,Chinook,Survey 1,R4,,2,,Injection,,0.1 - 1,0.1 - 1,1-2,,,,,,,,,,,,,,,,,,,,,1\20,,,,,,,,,,,,,,,,,,,,,,,,,,,,,,,
4/6/2022,,GM,2021,Snorkel,-122.5147501,40.50923182,10.205,10.533,,,8.2,Above,9/21/2021,Chinook,Survey 1,R4,,2,,Injection,,0.1 - 1,0.1 - 1,1-2,,,,,,,,,,,,,,,,,,,,,1\20,,,,,,,,,,,,,,,,,,,,,,,,,,,,,,,
4/6/2022,,GM,2021,Snorkel,-122.5146536,40.50921157,10.204,10.533,,,8.2,Above,9/21/2021,Chinook,Survey 1,R4,,2,,Injection,,0.1 - 1,0.1 - 1,1-2,,,,,,,,,,,,,,,,,,,,,1\20,,,,,,,,,,,,,,,,,,,,,,,,,,,,,,,
4/6/2022,,GM,2021,Snorkel,-122.5147439,40.50920658,10.203,10.531,,,8.2,Above,9/21/2021,Chinook,Survey 1,R4,,2,,Injection,,1-2,1-2,1-2,,,,,,,,,,,,,,,,,,,,,1\20,,,,,,,,,,,,,,,,,,,,,,,,,,,,,,,
4/6/2022,,GM,2021,Snorkel,-122.5148016,40.50840203,10.148,10.476,,,8.2,Above,9/21/2021,Chinook,Survey 1,R4,,2,,Injection,,0.1 - 1,0.1 - 1,1-2,,,,,,,,,,,,,,,,,,,,,1\20,,,,,,,,,,,,,,,,,,,,,,,,,,,,,,,
4/6/2022,,GM,2021,Snorkel,-122.5147709,40.50840088,10.148,10.476,,,8.2,Above,9/21/2021,Chinook,Survey 1,R4,,2,,Injection,,0.1 - 1,1-2,1-2,,,,,,,,,,,,,,,,,,,,,1\20,,,,,,,,,,,,,,,,,,,,,,,,,,,,,,,
4/6/2022,,GM,2021,Snorkel,-122.5147194,40.50840679,10.148,10.477,,,8.2,Above,9/21/2021,Chinook,Survey 1,R4,,2,,Injection,,0.1 - 1,1-2,1-2,,,,,,,,,,,,,,,,,,,,,1\20,,,,,,,,,,,,,,,,,,,,,,,,,,,,,,,
4/6/2022,,GM,2021,Snorkel,-122.5146733,40.50841759,10.149,10.477,,,8.2,Above,9/21/2021,Chinook,Survey 1,R4,,2,,Injection,,0.1 - 1,1-2,1-2,,,,,,,,,,,,,,,,,,,,,1\20,,,,,,,,,,,,,,,,,,,,,,,,,,,,,,,
4/6/2022,,GM,2021,Snorkel,-122.5146821,40.50838907,10.147,10.475,,,8.2,Above,9/21/2021,Chinook,Survey 1,R4,,2,,Injection,,0.1 - 1,1-2,1-2,,,,,,,,,,,,,,,,,,,,,1\20,,,,,,,,,,,,,,,,,,,,,,,,,,,,,,,
4/6/2022,,GM,2021,Snorkel,-122.5147375,40.50837146,10.146,10.474,,,8.2,Above,9/21/2021,Chinook,Survey 1,R4,,2,,Injection,,0.1 - 1,0.1 - 1,1-2,,,,,,,,,,,,,,,,,,,,,1\20,,,,,,,,,,,,,,,,,,,,,,,,,,,,,,,
4/6/2022,,GM,2021,Snorkel,-122.5147918,40.50835698,10.145,10.473,,,8.2,Above,9/21/2021,Chinook,Survey 1,R4,,2,,Injection,,1-2,1-2,1-2,,,,,,,,,,,,,,,,,,,,,1\20,,,,,,,,,,,,,,,,,,,,,,,,,,,,,,,
4/6/2022,,GM,2021,Snorkel,-122.5148181,40.50836883,10.145,10.474,,,8.2,Above,9/21/2021,Chinook,Survey 1,R4,,2,,Injection,,0.1 - 1,0.1 - 1,1-2,,,,,,,,,,,,,,,,,,,,,1\20,,,,,,,,,,,,,,,,,,,,,,,,,,,,,,,
4/6/2022,,GM,2021,Snorkel,-122.5148143,40.5083282,10.143,10.471,,,8.2,Above,9/21/2021,Chinook,Survey 1,R4,,2,,Injection,,1-2,1-2,1-2,,,,,,,,,,,,,,,,,,,,,1\20,,,,,,,,,,,,,,,,,,,,,,,,,,,,,,,
4/6/2022,,GM,2021,Snorkel,-122.5147507,40.50831904,10.142,10.471,,,8.2,Above,9/21/2021,Chinook,Survey 1,R4,,2,,Injection,,1-2,1-2,1-2,,,,,,,,,,,,,,,,,,,,,1\20,,,,,,,,,,,,,,,,,,,,,,,,,,,,,,,
4/6/2022,,GM,2021,Snorkel,-122.5147329,40.50830541,10.141,10.470,,,8.2,Above,9/21/2021,Chinook,Survey 1,R4,,2,,Injection,,0.1 - 1,1-2,1-2,,,,,,,,,,,,,,,,,,,,,1\20,,,,,,,,,,,,,,,,,,,,,,,,,,,,,,,
4/6/2022,,GM,2021,Snorkel,-122.5147372,40.50834129,10.144,10.472,,,8.2,Above,9/21/2021,Chinook,Survey 1,R4,,2,,Injection,,0.1 - 1,1-2,1-2,,,,,,,,,,,,,,,,,,,,,1\20,,,,,,,,,,,,,,,,,,,,,,,,,,,,,,,
4/6/2022,,GM,2021,Snorkel,-122.5146758,40.50833507,10.143,10.472,,,8.2,Above,9/21/2021,Chinook,Survey 1,R4,,2,,Injection,,0.1 - 1,1-2,1-2,,,,,,,,,,,,,,,,,,,,,1\20,,,,,,,,,,,,,,,,,,,,,,,,,,,,,,,
4/6/2022,,GM,2021,Snorkel,-122.5147089,40.50835938,10.145,10.473,,,8.2,Above,9/21/2021,Chinook,Survey 1,R4,,2,,Injection,,1-2,1-2,1-2,,,,,15,23,10,95,49,,,,32000,35166,100,,,,,,1\20,,,,,,,,,,,,,,,,,,,,,,,,,,,,,,,
4/6/2022,,GM,2021,Snorkel,-122.5146619,40.50835355,10.144,10.473,,,8.2,Above,9/21/2021,Chinook,Survey 1,R4,,2,,Injection,,< 0.1,0.1 - 1,1-2,,,,,,,,,,,,,,,,,,,,,1\20,,,,,,,,,,,,,,,,,,,,,,,,,,,,,,,
4/6/2022,,GM,2021,Snorkel,-122.5146872,40.50828809,10.140,10.468,,,8.2,Above,9/21/2021,Chinook,Survey 1,R4,,2,,Injection,,< 0.1,< 0.1,1-2,,,,,,,,,,,,,,,,,,,,,1\20,,,,,,,,,,,,,,,,,,,,,,,,,,,,,,,
4/6/2022,,GM,2021,Snorkel,-122.5148217,40.50830751,10.141,10.470,,,8.2,Above,9/21/2021,Chinook,Survey 1,R4,,2,,Injection,,1-2,1-2,1-2,,,,,,,,,,,,,,,,,,,,,1\20,,,,,,,,,,,,,,,,,,,,,,,,,,,,,,,
4/6/2022,,GM,2021,Snorkel,-122.514841,40.50828135,10.139,10.468,,,8.2,Above,9/21/2021,Chinook,Survey 1,R4,,2,,Injection,,1-2,1-2,1-2,,,,,,,,,,,,,,,,,,,,,1\20,,,,,,,,,,,,,,,,,,,,,,,,,,,,,,,
4/6/2022,,GM,2021,Snorkel,-122.5148063,40.50826375,10.138,10.467,,,8.2,Above,9/21/2021,Chinook,Survey 1,R4,,2,,Injection,,1-2,1-2,1-2,,,,,,,,,,,,,,,,,,,,,1\20,,,,,,,,,,,,,,,,,,,,,,,,,,,,,,,
4/6/2022,,GM,2021,Snorkel,-122.5147785,40.50828041,10.139,10.468,,,8.2,Above,9/21/2021,Chinook,Survey 1,R4,,2,,Injection,,1-2,1-2,1-2,,,,,,,,,,,,,,,,,,,,,1\20,,,,,,,,,,,,,,,,,,,,,,,,,,,,,,,
4/6/2022,,GM,2021,Snorkel,-122.5147119,40.50824285,10.137,10.465,,,8.2,Above,9/21/2021,Chinook,Survey 1,R4,,2,,Injection,,1-2,1-2,1-2,,,,,,,,,,,,,,,,,,,,,1\20,,,,,,,,,,,,,,,,,,,,,,,,,,,,,,,
4/6/2022,,GM,2021,Snorkel,-122.5146757,40.50824666,10.137,10.466,,,8.2,Above,9/21/2021,Chinook,Survey 1,R4,,2,,Injection,,1-2,1-2,1-2,,,,,,,,,,,,,,,,,,,,,1\20,,,,,,,,,,,,,,,,,,,,,,,,,,,,,,,
4/6/2022,,GM,2021,Snorkel,-122.5147812,40.50818475,10.133,10.461,,,8.2,Above,9/21/2021,Chinook,Survey 1,R4,,2,,Injection,,1-2,2-3,1-2,,,,,,,,,,,,,,,,,,,,,1\20,,,,,,,,,,,,,,,,,,,,,,,,,,,,,,,
4/6/2022,,GM,2021,Snorkel,-122.5148054,40.50820804,10.134,10.463,,,8.2,Above,9/21/2021,Chinook,Survey 1,R4,,2,,Injection,,1-2,1-2,1-2,,,,,,,,,,,,,,,,,,,,,1\20,,,,,,,,,,,,,,,,,,,,,,,,,,,,,,,
4/6/2022,,GM,2021,Snorkel,-122.5148621,40.50823637,10.136,10.465,,,8.2,Above,9/21/2021,Chinook,Survey 1,R4,,2,,Injection,,1-2,1-2,1-2,,,,,,,,,,,,,,,,,,,,,1\20,,,,,,,,,,,,,,,,,,,,,,,,,,,,,,,
4/6/2022,,GM,2021,Snorkel,-122.514748,40.50817969,10.132,10.461,,,8.2,Above,9/21/2021,Chinook,Survey 1,R4,,2,,Injection,,1-2,2-3,1-2,,,,,,,,,,,,,,,,,,,,,1\20,,,,,,,,,,,,,,,,,,,,,,,,,,,,,,,
4/6/2022,,GM,2021,Snorkel,-122.5146889,40.50818111,10.132,10.461,,,8.2,Above,9/21/2021,Chinook,Survey 1,R4,,2,,Injection,,2-3,0.1 - 1,1-2,,,,,,,,,,,,,,,,,,,,,1\20,,,,,,,,,,,,,,,,,,,,,,,,,,,,,,,
4/6/2022,,GM,2021,Snorkel,-122.5147649,40.50813511,10.129,10.458,,,8.2,Above,9/21/2021,Chinook,Survey 1,R4,,2,,Injection,,1-2,1-2,1-2,,,,,,,,,,,,,,,,,,,,,1\20,,,,,,,,,,,,,,,,,,,,,,,,,,,,,,,
4/6/2022,,GM,2021,Snorkel,-122.5148325,40.50815237,10.131,10.459,,,8.2,Above,9/21/2021,Chinook,Survey 1,R4,,2,,Injection,,1-2,1-2,1-2,,,,,,,,,,,,,,,,,,,,,1\20,,,,,,,,,,,,,,,,,,,,,,,,,,,,,,,
4/6/2022,,GM,2021,Snorkel,-122.5146972,40.50811626,10.128,10.457,,,8.2,Above,9/21/2021,Chinook,Survey 1,R4,,2,,Injection,,0.1 - 1,1-2,1-2,,,,,,,,,,,,,,,,,,,,,1\20,,,,,,,,,,,,,,,,,,,,,,,,,,,,,,,
4/6/2022,,GM,2021,Snorkel,-122.5146704,40.50810152,10.127,10.455,,,8.2,Above,9/21/2021,Chinook,Survey 1,R4,,2,,Injection,,1-2,0.1 - 1,1-2,,,,,20,23,10,186,71,,,,35000,37619,100,,,,,,1\20,,,,,,,,,,,,,,,,,,,,,,,,,,,,,,,
4/6/2022,,GM,2021,Snorkel,-122.5146707,40.50807742,10.125,10.454,,,8.2,Above,9/21/2021,Chinook,Survey 1,R4,,2,,Injection,,1-2,1-2,1-2,,,,,,,,,,,,,,,,,,,,,1\20,,,,,,,,,,,,,,,,,,,,,,,,,,,,,,,
4/6/2022,,GM,2021,Snorkel,-122.5148269,40.50808789,10.126,10.455,,,8.2,Above,9/21/2021,Chinook,Survey 1,R4,,2,,Injection,,1-2,1-2,1-2,,,,,,,,,,,,,,,,,,,,,1\20,,,,,,,,,,,,,,,,,,,,,,,,,,,,,,,
4/6/2022,,GM,2021,Snorkel,-122.5147363,40.50803306,10.122,10.451,,,8.2,Above,9/21/2021,Chinook,Survey 1,R4,,2,,Injection,,1-2,2-3,1-2,,,,,,,,,,,,,,,,,,,,,1\20,,,,,,,,,,,,,,,,,,,,,,,,,,,,,,,
4/6/2022,,GM,2021,Snorkel,-122.5146993,40.50806749,10.125,10.453,,,8.2,Above,9/21/2021,Chinook,Survey 1,R4,,2,,Injection,,1-2,0.1 - 1,1-2,,,,,,,,,,,,,,,,,,,,,1\20,,,,,,,,,,,,,,,,,,,,,,,,,,,,,,,
4/6/2022,,GM,2021,Snorkel,-122.514782,40.50771417,10.101,10.430,,,8.2,Above,9/21/2021,Chinook,Survey 1,R4,,2,,Injection,,1-2,1-2,1-2,,,,,,,,,,,,,,,,,,,,,1\20,2,,,,,,,,,,9/21/2021,2,,,,,,,,,,,,,,,,,,,
4/6/2022,,GM,2021,Snorkel,-122.5147424,40.50768792,10.099,10.428,,,8.2,Above,9/21/2021,Chinook,Survey 1,R4,,2,,Injection,,2-3,1-2,1-2,,,,,,,,,,,,,,,,,,,,,1\20,2,,,,,,,,,,9/21/2021,2,,,,,,,,,,,,,,,,,,,
4/6/2022,,GM,2021,Snorkel,-122.514878,40.50825327,10.138,10.466,,,8.2,Above,9/21/2021,Chinook,Survey 1,R4,,2,,Injection,,2-3,1-2,1-2,,,,,,,,,,,,,,,,,,,,,1\20,2,,,,,,,,,,9/21/2021,2,,,,,,,,,,,,,,,,,,,
4/6/2022,,GM,2021,Snorkel,-122.5141714,40.50654419,10.014,10.343,,,8.2,Above,9/21/2021,Chinook,Survey 1,R4,,2,,Injection,,1-2,1-2,1-2,,,,,,,,,,,,,,,,,,,,,1\20,,,,,,,,,,,,,,,,,,,,,,,,,,,,,,,
4/6/2022,,GM,2021,Snorkel,-122.5142108,40.50655284,10.016,10.344,,,8.2,Above,9/21/2021,Chinook,Survey 1,R4,,2,,Injection,,1-2,0.1 - 1,1-2,,,,,,,,,,,,,,,,,,,,,1\20,,,,,,,,,,,,,,,,,,,,,,,,,,,,,,,
4/6/2022,,GM,2021,Snorkel,-122.5141477,40.5065282,10.013,10.341,,,8.2,Above,9/21/2021,Chinook,Survey 1,R4,,2,,Injection,,1-2,1-2,1-2,,,,,,,,,,,,,,,,,,,,,1\20,,,,,,,,,,,,,,,,,,,,,,,,,,,,,,,
4/6/2022,,GM,2021,Snorkel,-122.5141436,40.50654924,10.014,10.342,,,8.2,Above,9/21/2021,Chinook,Survey 1,R4,,2,,Injection,,1-2,1-2,1-2,,,,,,,,,,,,,,,,,,,,,1\20,,,,,,,,,,,,,,,,,,,,,,,,,,,,,,,
4/6/2022,,GM,2021,Snorkel,-122.5113941,40.50508539,9.836,10.164,,,8.2,Above,9/21/2021,Chinook,Survey 1,R4,,2,,Injection,,0.1 - 1,1-2,1-2,,,,,,,,,,,,,,,,,,,,,1\20,,,,,,,,,,,,,,,,,,,,,,,,,,,,,,,
4/6/2022,,GM,2021,Snorkel,-122.5080609,40.50379189,9.637,9.965,,,8.2,Above,9/21/2021,Chinook,Survey 1,R4,,2,,Injection,,1-2,1-2,1-2,,,,,,,,,,,,,,,,,,,,,1\20,,,,,,,,,,,,,,,,,,,,,,,,,,,,,,,
4/6/2022,,GM,2021,Snorkel,-122.5071049,40.50352532,9.579,9.910,,,8.2,Above,9/21/2021,Chinook,Survey 1,R4,,3,,Injection,,1-2,0.1 - 1,1-2,,,,,,,,,,,,,,,,,,,,,1\20,,,,,,,,,,,,,,,,,,,,,,,,,,,,,,,
4/6/2022,,GM,2021,Snorkel,-122.5070688,40.50348922,9.576,9.907,,,8.2,Above,9/21/2021,Chinook,Survey 1,R4,,2,,Injection,,1-2,1-2,1-2,,,,,,,,,,,,,,,,,,,,,1\20,,,,,,,,,,,,,,,,,,,,,,,,,,,,,,,
4/6/2022,,GM,2021,Snorkel,-122.5070555,40.50351285,9.576,9.907,,,8.2,Above,9/21/2021,Chinook,Survey 1,R4,,2,,Injection,,1-2,1-2,1-2,,,,,21,29,14,136,103,,,,37000,39225,,,,,,,1\20,,,,,,,,,,,,,,,,,,,,,,,,,,,,,,,
4/6/2022,,GM,2021,Snorkel,-122.5070152,40.50350804,9.574,9.905,,,8.2,Above,9/21/2021,Chinook,Survey 1,R4,,2,,Injection,,1-2,1-2,1-2,,,,,,,,,,,,,,,,,,,,,1\20,,,,,,,,,,,,,,,,,,,,,,,,,,,,,,,
4/6/2022,,GM,2021,Snorkel,-122.5069874,40.50351874,9.573,9.904,,,8.2,Above,9/21/2021,Chinook,Survey 1,R4,,2,,Injection,,1-2,1-2,1-2,,,,,,,,,,,,,,,,,,,,,1\20,,,,,,,,,,,,,,,,,,,,,,,,,,,,,,,
4/6/2022,,GM,2021,Snorkel,-122.506955,40.50350277,9.571,9.902,,,8.2,Above,9/21/2021,Chinook,Survey 1,R4,,2,,Injection,,1-2,1-2,1-2,,,,,,,,,,,,,,,,,,,,,1\20,,,,,,,,,,,,,,,,,,,,,,,,,,,,,,,
4/6/2022,,GM,2021,Snorkel,-122.5067514,40.50340407,9.558,9.890,,,8.2,Above,9/21/2021,Chinook,Survey 1,R4,,2,,Injection,,1-2,1-2,1-2,,,,,,,,,,,,,,,,,,,,,1\20,,,,,,,,,,,,,,,,,,,,,,,,,,,,,,,
4/6/2022,,GM,2021,Snorkel,-122.5061464,40.5032713,9.525,9.855,,,8.2,Above,9/21/2021,Chinook,Survey 1,R4,,2,,Injection,,1-2,1-2,1-2,,,,,,,,,,,,,,,,,,,,,1\20,,,,,,,,,,,,,,,,,,,,,,,,,,,,,,,
4/6/2022,,GM,2021,Snorkel,-122.5045179,40.50279891,9.433,9.762,,,8.2,Above,9/21/2021,Chinook,Survey 1,R4,,2,,Injection,,1-2,1-2,1-2,,,,,,,,,,,,,,,,,,,,,1\20,,,,,,,,,,,,,,,,,,,,,,,,,,,,,,,
4/6/2022,,GM,2021,Snorkel,-122.5044777,40.50278888,9.431,9.760,,,8.2,Above,9/21/2021,Chinook,Survey 1,R4,,2,,Injection,,1-2,1-2,1-2,,,,,,,,,,,,,,,,,,,,,1\20,,,,,,,,,,,,,,,,,,,,,,,,,,,,,,,
4/6/2022,,GM,2021,Snorkel,-122.5037044,40.5026834,9.390,9.719,,,8.2,Above,9/21/2021,Chinook,Survey 1,R4,,2,,Combination,,0.1 - 1,1-2,1-2,,,,,,,,,,,,,,,,,,,,,1\20,,,,,,,,,,,,,,,,,,,,,,,,,,,,,,,
4/6/2022,,GM,2021,Snorkel,-122.5036512,40.5026554,9.387,9.717,,,8.2,Above,9/21/2021,Chinook,Survey 1,R4,,2,,Combination,,0.1 - 1,1-2,1-2,,,,,,,,,,,,,,,,,,,,,1\20,,,,,,,,,,,,,,,,,,,,,,,,,,,,,,,
4/6/2022,,GM,2021,Snorkel,-122.5036038,40.50268291,9.385,9.714,,,8.2,Above,9/21/2021,Chinook,Survey 1,R4,,2,,Combination,,0.1 - 1,1-2,1-2,,,,,,,,,,,,,,,,,,,,,1\20,,,,,,,,,,,,,,,,,,,,,,,,,,,,,,,
4/6/2022,,GM,2021,Snorkel,-122.5035565,40.50271285,9.382,9.711,,,8.2,Above,9/21/2021,Chinook,Survey 1,R4,,2,,Combination,,1-2,1-2,1-2,,,,,,,,,,,,,,,,,,,,,1\20,,,,,,,,,,,,,,,,,,,,,,,,,,,,,,,
4/6/2022,,GM,2021,Snorkel,-122.5031092,40.50281979,9.357,9.686,,,8.2,Above,9/21/2021,Chinook,Survey 1,R4,,2,,Combination,,1-2,1-2,1-2,,,,,,,,,,,,,,,,,,,,,1\20,,,,,,,,,,,,,,,,,,,,,,,,,,,,,,,
4/6/2022,,GM,2021,Snorkel,-122.5030146,40.50276785,9.352,9.682,,,8.2,Above,9/21/2021,Chinook,Survey 1,R4,,2,,Combination,,1-2,1-2,1-2,,,,,,,,,,,,,,,,,,,,,1\20,,,,,,,,,,,,,,,,,,,,,,,,,,,,,,,
4/6/2022,,GM,2021,Snorkel,-122.5028105,40.50279104,9.341,9.670,,,8.2,Above,9/21/2021,Chinook,Survey 1,R4,,2,,Combination,,0.1 - 1,1-2,1-2,,,,,,,,,,,,,,,,,,,,,1\20,,,,,,,,,,,,,,,,,,,,,,,,,,,,,,,
4/6/2022,,GM,2021,Snorkel,-122.5026425,40.50276002,9.332,9.661,,,8.2,Above,9/21/2021,Chinook,Survey 1,R4,,2,,Combination,,1-2,1-2,1-2,,,,,,,,,,,,,,,,,,,,,Stopped sampling ,,,,,,,,,,,,,,,,,,,,,,,,,,,,,,,
4/6/2022,,GM,2021,Snorkel,-122.5026146,40.5027243,9.330,9.659,,,8.2,Above,9/21/2021,Chinook,Survey 1,R4,,2,,Combination,,1-2,1-2,1-2,,,,,,,,,,,,,,,,,,,,,Stopped sampling ,,,,,,,,,,,,,,,,,,,,,,,,,,,,,,,
4/6/2022,,GM,2021,Snorkel,-122.5025708,40.50271507,9.328,9.657,,,8.2,Above,9/21/2021,Chinook,Survey 1,R4,,2,,Combination,,1-2,1-2,1-2,,,,,,,,,,,,,,,,,,,,,Stopped sampling ,,,,,,,,,,,,,,,,,,,,,,,,,,,,,,,
4/6/2022,,GM,2021,Snorkel,-122.5025936,40.50282984,9.330,9.659,,,8.2,Above,9/21/2021,Chinook,Survey 1,R4,,2,,Combination,,1-2,1-2,1-2,,,,,,,,,,,,,,,,,,,,,Stopped sampling ,,,,,,,,,,,,,,,,,,,,,,,,,,,,,,,
4/6/2022,,GM,2021,Snorkel,-122.5025289,40.50282962,9.327,9.656,,,8.2,Above,9/21/2021,Chinook,Survey 1,R4,,2,,Combination,,1-2,1-2,1-2,,,,,,,,,,,,,,,,,,,,,Stopped sampling ,,,,,,,,,,,,,,,,,,,,,,,,,,,,,,,
4/6/2022,,GM,2021,Snorkel,-122.5024558,40.50281448,9.323,9.652,,,8.2,Above,9/21/2021,Chinook,Survey 1,R4,,2,,Combination,,1-2,1-2,1-2,,,,,,,,,,,,,,,,,,,,,Stopped sampling ,,,,,,,,,,,,,,,,,,,,,,,,,,,,,,,
4/6/2022,,GM,2021,Snorkel,-122.5023901,40.50279783,9.320,9.648,,,8.2,Above,9/21/2021,Chinook,Survey 1,R4,,2,,Combination,,0.1 - 1,0.1 - 1,1-2,,,,,,,,,,,,,,,,,,,,,Stopped sampling ,,,,,,,,,,,,,,,,,,,,,,,,,,,,,,,
4/6/2022,,GM,2021,Snorkel,-122.502338,40.50285007,9.318,9.646,,,8.2,Above,9/21/2021,Chinook,Survey 1,R4,,2,,Combination,,0.1 - 1,1-2,1-2,,,,,,,,,,,,,,,,,,,,,Stopped sampling ,,,,,,,,,,,,,,,,,,,,,,,,,,,,,,,
4/6/2022,,GM,2021,Snorkel,-122.5022012,40.50278532,9.311,9.639,,,8.2,Above,9/21/2021,Chinook,Survey 1,R4,,2,,Combination,,1-2,1-2,1-2,,,,,,,,,,,,,,,,,,,,,Stopped sampling ,,,,,,,,,,,,,,,,,,,,,,,,,,,,,,,
4/6/2022,,GM,2021,Snorkel,-122.5022937,40.50275681,9.314,9.643,,,8.2,Above,9/21/2021,Chinook,Survey 1,R4,,2,,Combination,,1-2,1-2,1-2,,,,,,,,,,,,,,,,,,,,,Stopped sampling ,,,,,,,,,,,,,,,,,,,,,,,,,,,,,,,
4/6/2022,,GM,2021,Snorkel,-122.5014511,40.50212306,9.251,9.580,,,8.2,Above,9/23/2021,Chinook,Survey 1,R4,,2,,Combination,,< 0.1,< 0.1,1-2,,,,,35,38,31,92,34,,,,5700,59689,100,5900,57622,100,,,1 in 20 ,,,,,,,,,,,,,,,,,,,,,,,,,,,,,,,
4/6/2022,,GM,2021,Snorkel,-122.5015214,40.50210329,9.252,9.581,,,8.2,Above,9/23/2021,Chinook,Survey 1,R4,,2,,Combination,,< 0.1,< 0.1,1-2,,,,,,,,,,,,,,,,,,,,,1 in 20,,,,,,,,,,,,,,,,,,,,,,,,,,,,,,,
4/6/2022,,GM,2021,Snorkel,-122.5012344,40.50023951,9.118,9.448,,,8.2,Above,9/23/2021,Chinook,Survey 1,R4,,2,,Combination,,< 0.1,< 0.1,1-2,,,,,,,,,,,,,,,,,,,,,1 in 20,,,,,,,,,,,,,,,,,,,,,,,,,,,,,,,
4/6/2022,,GM,2021,Snorkel,-122.5012508,40.50019362,9.115,9.445,,,8.2,Above,9/23/2021,Chinook,Survey 1,R4,,2,,Combination,,< 0.1,< 0.1,1-2,,,,,,,,,,,,,,,,,,,,,1 in 20,,,,,,,,,,,,,,,,,,,,,,,,,,,,,,,
4/6/2022,,GM,2021,Snorkel,-122.5012713,40.5001284,9.111,9.440,,,8.2,Above,9/23/2021,Chinook,Survey 1,R4,,2,,Combination,,< 0.1,< 0.1,1-2,,,,,,,,,,,,,,,,,,,,,1 in 20,,,,,,,,,,,,,,,,,,,,,,,,,,,,,,,
4/6/2022,,GM,2021,Snorkel,-122.5011964,40.49945338,9.064,9.394,,,8.2,Above,9/23/2021,Chinook,Survey 1,R4,,2,,Injection,,< 0.1,< 0.1,1-2,,,,,,,,,,,,,,,,,,,,,1 in 20,,,,,,,,,,,,,,,,,,,,,,,,,,,,,,,
4/6/2022,,GM,2021,Snorkel,-122.5012458,40.49866498,9.009,9.339,,,8.2,Above,9/23/2021,Chinook,Survey 1,R4,,2,,Combination,,< 0.1,< 0.1,1-2,,,,,,,,,,,,,,,,,,,,,stopping measure fire/smoke/ash,,,,,,,,,,,,,,,,,,,,,,,,,,,,,,,
4/6/2022,,GM,2021,Snorkel,-122.5012994,40.49863357,9.007,9.337,,,8.2,Above,9/23/2021,Chinook,Survey 1,R4,,2,,Combination,,< 0.1,< 0.1,1-2,,,,,,,,,,,,,,,,,,,,,stopped measuring fire/smoke/ash,,,,,,,,,,,,,,,,,,,,,,,,,,,,,,,
4/6/2022,,GM,2021,Snorkel,-122.5012624,40.49854371,9.001,9.330,,,8.2,Above,9/23/2021,Chinook,Survey 1,R4,,2,,Combination,,< 0.1,< 0.1,1-2,,,,,,,,,,,,,,,,,,,,,stopped measuring fire/smoke/ash,,,,,,,,,,,,,,,,,,,,,,,,,,,,,,,
4/6/2022,,GM,2021,Snorkel,-122.5011304,40.49811603,8.971,9.300,,,8.2,Above,9/23/2021,Chinook,Survey 1,R4,,2,,Combination,,< 0.1,1-2,1-2,,,,,,,,,,,,,,,,,,,,,stopped measuring fire/smoke/ash,,,,,,,,,,,,,,,,,,,,,,,,,,,,,,,
4/6/2022,,GM,2021,Snorkel,-122.5011719,40.49808335,8.968,9.298,,,8.2,Above,9/23/2021,Chinook,Survey 1,R4,,2,,Combination,,< 0.1,< 0.1,1-2,,,,,,,,,,,,,,,,,,,,,stopped measuring fire/smoke/ash,,,,,,,,,,,,,,,,,,,,,,,,,,,,,,,
4/6/2022,,GM,2021,Snorkel,-122.5012953,40.4980484,8.967,9.295,,,8.2,Above,9/23/2021,Chinook,Survey 1,R4,,2,,Combination,,1-2,1-2,1-2,,,,,,,,,,,,,,,,,,,,,stopped measuring fire/smoke/ash,,,,,,,,,,,,,,,,,,,,,,,,,,,,,,,
4/6/2022,,GM,2021,Snorkel,-122.5012257,40.49787145,8.954,9.284,,,8.2,Above,9/23/2021,Chinook,Survey 1,R4,,2,,Combination,,< 0.1,1-2,1-2,,,,,,,,,,,,,,,,,,,,,stopped measuring fire/smoke/ash,,,,,,,,,,,,,,,,,,,,,,,,,,,,,,,
4/6/2022,,GM,2021,Snorkel,-122.5008546,40.49729738,8.909,9.238,,,8.2,Above,9/23/2021,Chinook,Survey 1,R4,,2,,Combination,,1-2,1-2,1-2,,,,,,,,,,,,,,,,,,,,,stopped measuring fire/smoke/ash,,,,,,,,,,,,,,,,,,,,,,,,,,,,,,,
4/6/2022,,GM,2021,Snorkel,-122.5008013,40.4972635,8.905,9.235,,,8.2,Above,9/23/2021,Chinook,Survey 1,R4,,2,,Combination,,0.1 - 1,1-2,1-2,,,,,,,,,,,,,,,,,,,,,stopped measuring fire/smoke/ash,,,,,,,,,,,,,,,,,,,,,,,,,,,,,,,
4/6/2022,,GM,2021,Snorkel,-122.5008015,40.49729688,8.907,9.237,,,8.2,Above,9/23/2021,Chinook,Survey 1,R4,,2,,Combination,,0.1 - 1,1-2,1-2,,,,,,,,,,,,,,,,,,,,,stopped measuring fire/smoke/ash,,,,,,,,,,,,,,,,,,,,,,,,,,,,,,,
4/6/2022,,GM,2021,Snorkel,-122.5006331,40.49704002,8.888,9.217,,,8.2,Above,9/23/2021,Chinook,Survey 1,R4,,2,,Combination,,0.1 - 1,1-2,1-2,,,,,,,,,,,,,,,,,,,,,stopped measuring fire/smoke/ash,,,,,,,,,,,,,,,,,,,,,,,,,,,,,,,
4/6/2022,,GM,2021,Snorkel,-122.5006217,40.49700429,8.885,9.215,,,8.2,Above,9/23/2021,Chinook,Survey 1,R4,,2,,Combination,,1-2,1-2,1-2,,,,,,,,,,,,,,,,,,,,,stopped measuring fire/smoke/ash,,,,,,,,,,,,,,,,,,,,,,,,,,,,,,,
4/6/2022,,GM,2021,Snorkel,-122.5006165,40.49699815,8.885,9.214,,,8.2,Above,9/23/2021,Chinook,Survey 1,R4,,2,,Combination,,1-2,1-2,1-2,,,,,,,,,,,,,,,,,,,,,stopped measuring fire/smoke/ash,,,,,,,,,,,,,,,,,,,,,,,,,,,,,,,
4/6/2022,,GM,2021,Snorkel,-122.5004929,40.49671331,8.864,9.193,,,8.2,Above,9/23/2021,Chinook,Survey 1,R4,,2,,Combination,,< 0.1,< 0.1,1-2,,,,,,,,,,,,,,,,,,,,,stopped measuring fire/smoke/ash,,,,,,,,,,,,,,,,,,,,,,,,,,,,,,,
4/6/2022,,GM,2021,Snorkel,-122.5004675,40.49674695,8.866,9.195,,,8.2,Above,9/23/2021,Chinook,Survey 1,R4,,2,,Combination,,< 0.1,1-2,1-2,,,,,,,,,,,,,,,,,,,,,stopped measuring fire/smoke/ash,,,,,,,,,,,,,,,,,,,,,,,,,,,,,,,
4/6/2022,,GM,2021,Snorkel,-122.50046,40.49669647,8.863,9.192,,,8.2,Above,9/23/2021,Chinook,Survey 1,R4,,2,,Combination,,< 0.1,< 0.1,1-2,,,,,,,,,,,,,,,,,,,,,stopped measuring fire/smoke/ash,,,,,,,,,,,,,,,,,,,,,,,,,,,,,,,
4/6/2022,,GM,2021,Snorkel,-122.5004942,40.49666951,8.862,9.190,,,8.2,Above,9/23/2021,Chinook,Survey 1,R4,,2,,Combination,,< 0.1,< 0.1,1-2,,,,,,,,,,,,,,,,,,,,,stopped measuring fire/smoke/ash,,,,,,,,,,,,,,,,,,,,,,,,,,,,,,,
4/6/2022,,GM,2021,Snorkel,-122.5004596,40.49666651,8.861,9.190,,,8.2,Above,9/23/2021,Chinook,Survey 1,R4,,2,,Combination,,< 0.1,1-2,1-2,,,,,,,,,,,,,,,,,,,,,stopped measuring fire/smoke/ash,,,,,,,,,,,,,,,,,,,,,,,,,,,,,,,
4/6/2022,,GM,2021,Snorkel,-122.5004382,40.49666486,8.860,9.189,,,8.2,Above,9/23/2021,Chinook,Survey 1,R4,,2,,Combination,,< 0.1,< 0.1,1-2,,,,,,,,,,,,,,,,,,,,,stopped measuring fire/smoke/ash,,,,,,,,,,,,,,,,,,,,,,,,,,,,,,,
4/6/2022,,GM,2021,Snorkel,-122.500383,40.49663867,8.858,9.186,,,8.2,Above,9/23/2021,Chinook,Survey 1,R4,,2,,Combination,,< 0.1,< 0.1,1-2,,,,,,,,,,,,,,,,,,,,,stopped measuring fire/smoke/ash,,,,,,,,,,,,,,,,,,,,,,,,,,,,,,,
4/6/2022,,GM,2021,Snorkel,-122.5004764,40.4966381,8.859,9.188,,,8.2,Above,9/23/2021,Chinook,Survey 1,R4,,2,,Combination,,1-2,1-2,1-2,,,,,,,,,,,,,,,,,,,,,stopped measuring fire/smoke/ash,,,,,,,,,,,,,,,,,,,,,,,,,,,,,,,
4/6/2022,,GM,2021,Snorkel,-122.5005016,40.49666447,8.861,9.190,,,8.2,Above,9/23/2021,Chinook,Survey 1,R4,,2,,Combination,,< 0.1,< 0.1,1-2,,,,,,,,,,,,,,,,,,,,,stopped measuring fire/smoke/ash,,,,,,,,,,,,,,,,,,,,,,,,,,,,,,,
4/6/2022,,GM,2021,Snorkel,-122.5004874,40.49665521,8.860,9.189,,,8.2,Above,9/23/2021,Chinook,Survey 1,R4,,2,,Combination,,< 0.1,1-2,1-2,,,,,,,,,,,,,,,,,,,,,stopped measuring fire/smoke/ash,,,,,,,,,,,,,,,,,,,,,,,,,,,,,,,
4/6/2022,,GM,2021,Snorkel,-122.5005284,40.49656377,8.855,9.184,,,8.2,Above,9/23/2021,Chinook,Survey 1,R4,,2,,Combination,,< 0.1,0.1 - 1,1-2,,,,,,,,,,,,,,,,,,,,,stopped measuring fire/smoke/ash,,,,,,,,,,,,,,,,,,,,,,,,,,,,,,,
4/6/2022,,GM,2021,Snorkel,-122.5004825,40.49653069,8.853,9.181,,,8.2,Above,9/23/2021,Chinook,Survey 1,R4,,2,,Combination,,1-2,1-2,1-2,,,,,,,,,,,,,,,,,,,,,stopped measuring fire/smoke/ash,,,,,,,,,,,,,,,,,,,,,,,,,,,,,,,
4/6/2022,,GM,2021,Snorkel,-122.5004514,40.49652312,8.851,9.180,,,8.2,Above,9/23/2021,Chinook,Survey 1,R4,,2,,Combination,,1-2,1-2,1-2,,,,,,,,,,,,,,,,,,,,,stopped measuring fire/smoke/ash,,,,,,,,,,,,,,,,,,,,,,,,,,,,,,,
4/6/2022,,GM,2021,Snorkel,-122.5004532,40.49657017,8.854,9.183,,,8.2,Above,9/23/2021,Chinook,Survey 1,R4,,2,,Combination,,1-2,1-2,1-2,,,,,,,,,,,,,,,,,,,,,stopped measuring fire/smoke/ash,,,,,,,,,,,,,,,,,,,,,,,,,,,,,,,
4/6/2022,,GM,2021,Snorkel,-122.5004108,40.49661617,8.857,9.185,,,8.2,Above,9/23/2021,Chinook,Survey 1,R4,,2,,Combination,,1-2,1-2,1-2,,,,,,,,,,,,,,,,,,,,,stopped measuring fire/smoke/ash,,,,,,,,,,,,,,,,,,,,,,,,,,,,,,,
4/6/2022,,GM,2021,Snorkel,-122.5003653,40.49659075,8.854,9.183,,,8.2,Above,9/23/2021,Chinook,Survey 1,R4,,2,,Combination,,1-2,1-2,1-2,,,,,,,,,,,,,,,,,,,,,stopped measuring fire/smoke/ash,,,,,,,,,,,,,,,,,,,,,,,,,,,,,,,
4/6/2022,,GM,2021,Snorkel,-122.5003773,40.49655567,8.852,9.181,,,8.2,Above,9/23/2021,Chinook,Survey 1,R4,,2,,Combination,,< 0.1,1-2,1-2,,,,,,,,,,,,,,,,,,,,,stopped measuring fire/smoke/ash,,,,,,,,,,,,,,,,,,,,,,,,,,,,,,,
4/6/2022,,GM,2021,Snorkel,-122.500424,40.496523,8.851,9.180,,,8.2,Above,9/23/2021,Chinook,Survey 1,R4,,2,,Combination,,< 0.1,< 0.1,1-2,,,,,,,,,,,,,,,,,,,,,stopped measuring fire/smoke/ash,,,,,,,,,,,,,,,,,,,,,,,,,,,,,,,
4/6/2022,,GM,2021,Snorkel,-122.5003887,40.49649566,8.848,9.177,,,8.2,Above,9/23/2021,Chinook,Survey 1,R4,,2,,Combination,,2-3,1-2,2-3,,,,,,,,,,,,,,,,,,,,,stopped measuring fire/smoke/ash,,,,,,,,,,,,,,,,,,,,,,,,,,,,,,,
4/6/2022,,GM,2021,Snorkel,-122.5000172,40.49621739,8.820,9.149,,,8.2,Above,9/23/2021,Chinook,Survey 1,R4,,2,,Combination,,< 0.1,1-2,1-2,,,,,,,,,,,,,,,,,,,,,stopped measuring fire/smoke/ash,,,,,,,,,,,,,,,,,,,,,,,,,,,,,,,
4/6/2022,,GM,2021,Snorkel,-122.5000158,40.49615523,8.817,9.146,,,8.2,Above,9/23/2021,Chinook,Survey 1,R4,,2,,Combination,,1-2,1-2,1-2,,,,,,,,,,,,,,,,,,,,,stopped measuring fire/smoke/ash,,,,,,,,,,,,,,,,,,,,,,,,,,,,,,,
4/6/2022,,GM,2021,Snorkel,-122.4999456,40.4961705,8.814,9.144,,,8.2,Above,9/23/2021,Chinook,Survey 1,R4,,2,,Combination,,0.1 - 1,1-2,1-2,,,,,,,,,,,,,,,,,,,,,stopped measuring fire/smoke/ash,,,,,,,,,,,,,,,,,,,,,,,,,,,,,,,
4/6/2022,,GM,2021,Snorkel,-122.4999509,40.49614877,8.813,9.143,,,8.2,Above,9/23/2021,Chinook,Survey 1,R4,,2,,Combination,,1-2,1-2,1-2,,,,,,,,,,,,,,,,,,,,,stopped measuring fire/smoke/ash,,,,,,,,,,,,,,,,,,,,,,,,,,,,,,,
4/6/2022,,GM,2021,Snorkel,-122.4998306,40.49606081,8.804,9.134,,,8.2,Above,9/23/2021,Chinook,Survey 1,R4,,2,,Combination,,1-2,1-2,1-2,,,,,,,,,,,,,,,,,,,,,stopped measuring fire/smoke/ash,,,,,,,,,,,,,,,,,,,,,,,,,,,,,,,
4/6/2022,,GM,2021,Snorkel,-122.4992174,40.49598234,8.770,9.102,,,8.2,Above,9/23/2021,Chinook,Survey 1,R4,,2,,Combination,,1-2,1-2,1-2,,,,,,,,,,,,,,,,,,,,,stopped measuring fire/smoke/ash,,,,,,,,,,,,,,,,,,,,,,,,,,,,,,,
4/6/2022,,GM,2021,Snorkel,-122.4987996,40.49599651,8.749,9.080,,,8.2,Above,9/23/2021,Chinook,Survey 1,R4,,2,,Combination,,1-2,1-2,1-2,,,,,,,,,,,,,,,,,,,,,stopped measuring fire/smoke/ash,,,,,,,,,,,,,,,,,,,,,,,,,,,,,,,
4/6/2022,,GM,2021,Snorkel,-122.4985251,40.49593458,8.736,9.065,,,8.2,Above,9/23/2021,Chinook,Survey 1,R4,,2,,Combination,,< 0.1,< 0.1,1-2,,,,,,,,,,,,,,,,,,,,,stopped measuring fire/smoke/ash,,,,,,,,,,,,,,,,,,,,,,,,,,,,,,,
4/6/2022,,GM,2021,Snorkel,-122.4969394,40.49427969,8.590,8.917,,,8.2,Above,9/23/2021,Chinook,Survey 1,R4,,2,,Combination,,2-3,1-2,1-2,,,,,,,,,,,,,,,,,,,,,stopped measuring fire/smoke/ash,,,,,,,,,,,,,,,,,,,,,,,,,,,,,,,
4/6/2022,,GM,2021,Snorkel,-122.5399244,40.59494448,18.106,18.446,,,8.2,Above,10/4/2021,Chinook,,R1,,2,,Injection,,2-3,2-3,1-2,,,,,26,30,22,178,75,,,,60000,62373,100,,,,,,1:05,,,,,,,,,,,,,,,,,,,,,,,,,,,,,,,
4/6/2022,,GM,2021,Snorkel,-122.5402738,40.59475164,18.083,18.423,,,8.2,Above,10/4/2021,Chinook,,R1,,2,,Injection,,2-3,1-2,1-2,,,,,,,,,,,,,,,,,,,,,1:05,,,,,,,,,,,,,,,,,,,,,,,,,,,,,,,
4/6/2022,,GM,2021,Snorkel,-122.5428112,40.59371308,17.930,18.268,,,8.2,Above,10/4/2021,Chinook,,R1,,2,,Injection,,1-2,1-2,1-2,,,,,,,,,,,,,,,,,,,,,1:05,,,,,,,,,,,,,,,,,,,,,,,,,,,,,,,
4/6/2022,,GM,2021,Snorkel,-122.5431758,40.59343541,17.902,18.241,,,8.2,Above,10/4/2021,Chinook,,R1,,2,,Injection,,1-2,1-2,1-2,,,,,,,,,,,,,,,,,,,,,1:05,,,,,,,,,,,,,,,,,,,,,,,,,,,,,,,
4/6/2022,,GM,2021,Snorkel,-122.5458228,40.58986595,17.570,17.907,,,8.2,Above,10/4/2021,Chinook,,R1,,2,,Injection,,1-2,1-2,1-2,,,,,,,,,,,,,,,,,,,,,1:05,,,,,,,,,,,,,,,,,,,,,,,,,,,,,,,
4/6/2022,,GM,2021,Snorkel,-122.5458287,40.58971631,17.560,17.896,,,8.2,Above,10/4/2021,Chinook,,R1,,2,,Injection,,1-2,1-2,1-2,,,,,24,22,9,260,100,,,,62000,63186,,,,,,,Superimposed,,,,,,,,,,,,,,,,,,,,,,,,,,,,,,,
4/6/2022,,GM,2021,Snorkel,-122.5458821,40.58960539,17.552,17.887,,,8.2,Above,10/4/2021,Chinook,,R1,,2,,Injection,,1-2,1-2,1-2,,,,,,,,,,,,,,,,,,,,,1:05,,,,,,,,,,,,,,,,,,,,,,,,,,,,,,,
4/6/2022,,GM,2021,Snorkel,-122.5459475,40.58940121,17.537,17.873,,,8.2,Above,10/4/2021,Chinook,,R1,,2,,Injection,,1-2,0.1 - 1,1-2,,,,,,,,,,,,,,,,,,,,,1:05,,,,,,,,,,,,,,,,,,,,,,,,,,,,,,,
4/6/2022,,GM,2021,Snorkel,-122.5462919,40.58892367,17.499,17.835,,,8.2,Above,10/4/2021,Chinook,,R1,,2,,Injection,,0.1 - 1,1-2,1-2,,,,,,,,,,,,,,,,,,,,,1:05,,,,,,,,,,,,,,,,,,,,,,,,,,,,,,,
4/6/2022,,GM,2021,Snorkel,-122.5463447,40.58878436,17.489,17.825,,,8.2,Above,10/4/2021,Chinook,,R1,,2,,Injection,,0.1 - 1,0.1 - 1,0.1 - 1,,,,,,,,,,,,,,,,,,,,,1:05,,,,,,,,,,,,,,,,,,,,,,,,,,,,,,,
4/6/2022,,GM,2021,Snorkel,-122.5477458,40.58782261,17.388,17.724,,,8.2,Above,10/4/2021,Chinook,,R1,,2,,Injection,,1-2,1-2,1-2,,,,,,,,,,,,,,,,,,,,,1:05,,,,,,,,,,,,,,,,,,,,,,,,,,,,,,,
4/6/2022,,GM,2021,Snorkel,-122.5497567,40.58668206,17.256,17.592,,,8.2,Above,10/4/2021,Chinook,,R1,,2,,Combination,,2-3,1-2,2-3,,,,,,,,,,,,,,,,,,,,,1:05,,,,,,,,,,,,,,,,,,,,,,,,,,,,,,,
4/6/2022,,GM,2021,Snorkel,-122.5498233,40.58672585,17.255,17.591,,,8.2,Above,10/4/2021,Chinook,,R1,,2,,Injection,,1-2,1-2,1-2,,,,,28,30,16,155,65,,,,63000,65796,100,,,,,,1:05,,,,,,,,,,,,,,,,,,,,,,,,,,,,,,,
4/6/2022,,GM,2021,Snorkel,-122.5506531,40.58625448,17.201,17.537,,,8.2,Above,10/4/2021,Chinook,,R1,,2,,Injection,,1-2,1-2,1-2,,,,,,,,,,,,,,,,,,,,,1:05,,,,,,,,,,,,,,,,,,,,,,,,,,,,,,,
4/6/2022,,GM,2021,Snorkel,-122.5507013,40.58621749,17.197,17.534,,,8.2,Above,10/4/2021,Chinook,,R1,,2,,Injection,,1-2,1-2,1-2,,,,,,,,,,,,,,,,,,,,,1:05,,,,,,,,,,,,,,,,,,,,,,,,,,,,,,,
4/6/2022,,GM,2021,Snorkel,-122.550668,40.58614531,17.195,17.532,,,8.2,Above,10/4/2021,Chinook,,R1,,2,,Injection,,1-2,1-2,1-2,,,,,,,,,,,,,,,,,,,,,,,,,,,,,,,,,,,,,,,,,,,,,,,,,,,,
4/6/2022,,GM,2021,Snorkel,-122.5514187,40.58539518,17.131,17.467,,,8.2,Above,10/4/2021,Chinook,,R1,,2,,Injection,,0.1 - 1,0.1 - 1,0.1 - 1,,,,,,,,,,,,,,,,,,,,,1:10,,,,,,,,,,,,,,,,,,,,,,,,,,,,,,,
4/6/2022,,GM,2021,Snorkel,-122.5514492,40.58534837,17.127,17.463,,,8.2,Above,10/4/2021,Chinook,,R1,,2,,Injection,,1-2,0.1 - 1,0.1 - 1,,,,,,,,,,,,,,,,,,,,,1:10,,,,,,,,,,,,,,,,,,,,,,,,,,,,,,,
4/6/2022,,GM,2021,Snorkel,-122.5514255,40.58527398,17.123,17.459,,,8.2,Above,10/4/2021,Chinook,,R1,,2,,Injection,,1-2,1-2,2-3,,,,,,,,,,,,,,,,,,,,,1:10,,,,,,,,,,,,,,,,,,,,,,,,,,,,,,,
4/6/2022,,GM,2021,Snorkel,-122.5515944,40.58509143,17.108,17.444,,,8.2,Above,10/4/2021,Chinook,,R1,,2,,Injection,,1-2,1-2,1-2,,,,,,,,,,,,,,,,,,,,,1:10,,,,,,,,,,,,,,,,,,,,,,,,,,,,,,,
4/6/2022,,GM,2021,Snorkel,-122.5516312,40.58499995,17.102,17.438,,,8.2,Above,10/4/2021,Chinook,,R1,,2,,Injection,,1-2,1-2,1-2,,,,,,,,,,,,,,,,,,,,,1:10,,,,,,,,,,,,,,,,,,,,,,,,,,,,,,,
4/6/2022,,GM,2021,Snorkel,-122.5481685,40.58490506,16.869,17.165,,,8.2,Above,10/4/2021,Chinook,,R1,,2,,Injection,,1-2,0.1 - 1,0.1 - 1,,,,,,,,,,,,,,,,,,,,,1:10,,,,,,,,,,,,,,,,,,,,,,,,,,,,,,,
4/6/2022,,GM,2021,Snorkel,-122.5417939,40.58209556,16.468,16.767,,,8.2,Above,10/4/2021,Chinook,,R1,,2,,Native,,1-2,1-2,1-2,,,,,,,,,,,,,,,,,,,,,1:10,,,,,,,,,,,,,,,,,,,,,,,,,,,,,,,
4/6/2022,,GM,2021,Snorkel,-122.5417399,40.58217849,16.468,16.767,,,8.2,Above,10/4/2021,Chinook,,R1,,2,,Combination,,1-2,1-2,2-3,,,,,,,,,,,,,,,,,,,,,1:10,,,,,,,,,,,,,,,,,,,,,,,,,,,,,,,
4/6/2022,,GM,2021,Snorkel,-122.5416706,40.58203036,16.461,16.759,,,8.2,Above,10/4/2021,Chinook,,R1,,2,,Native,,1-2,1-2,1-2,,,,,14,24,9,250,98,,,,66000,68047,100,,,,,,1:10,,,,,,,,,,,,,,,,,,,,,,,,,,,,,,,
4/6/2022,,GM,2021,Snorkel,-122.5416473,40.58200746,16.459,16.757,,,8.2,Above,10/4/2021,Chinook,,R1,,2,,Native,,1-2,1-2,1-2,,,,,,,,,,,,,,,,,,,,,1:10,,,,,,,,,,,,,,,,,,,,,,,,,,,,,,,
4/6/2022,,GM,2021,Snorkel,-122.5415853,40.58202337,16.456,16.755,,,8.2,Above,10/4/2021,Chinook,,R1,,2,,Native,,1-2,1-2,1-2,,,,,,,,,,,,,,,,,,,,,1:10,,,,,,,,,,,,,,,,,,,,,,,,,,,,,,,
4/6/2022,,GM,2021,Snorkel,-122.5414774,40.58198167,16.450,16.748,,,8.2,Above,10/4/2021,Chinook,,R1,,2,,Native,,1-2,1-2,1-2,,,,,,,,,,,,,,,,,,,,,1:10,,,,,,,,,,,,,,,,,,,,,,,,,,,,,,,
4/6/2022,,GM,2021,Snorkel,-122.5414366,40.58190547,16.446,16.744,,,8.2,Above,10/4/2021,Chinook,,R1,,2,,Native,,1-2,0.1 - 1,1-2,,,,,,,,,,,,,,,,,,,,,1:10,,,,,,,,,,,,,,,,,,,,,,,,,,,,,,,
4/6/2022,,GM,2021,Snorkel,-122.5413458,40.58185469,16.440,16.738,,,8.2,Above,10/4/2021,Chinook,,R1,,2,,Native,,1-2,1-2,1-2,,,,,,,,,,,,,,,,,,,,,1:10,,,,,,,,,,,,,,,,,,,,,,,,,,,,,,,
4/6/2022,,GM,2021,Snorkel,-122.5411736,40.58188657,16.433,16.731,,,8.2,Above,10/4/2021,Chinook,,R1,,2,,Combination,,1-2,1-2,2-3,,,,,,,,,,,,,,,,,,,,,1:10,,,,,,,,,,,,,,,,,,,,,,,,,,,,,,,
4/6/2022,,GM,2021,Snorkel,-122.5410863,40.58180719,16.426,16.724,,,8.2,Above,10/4/2021,Chinook,,R1,,2,,Native,,1-2,1-2,1-2,,,,,,,,,,,,,,,,,,,,,1:10,,,,,,,,,,,,,,,,,,,,,,,,,,,,,,,
4/6/2022,,GM,2021,Snorkel,-122.5410313,40.58177858,16.423,16.721,,,8.2,Above,10/4/2021,Chinook,,R1,,2,,Native,,1-2,1-2,1-2,,,,,,,,,,,,,,,,,,,,,1:10,,,,,,,,,,,,,,,,,,,,,,,,,,,,,,,
4/6/2022,,GM,2021,Snorkel,-122.5405658,40.58162297,16.396,16.694,,,8.2,Above,10/4/2021,Chinook,,R1,,2,,Native,,1-2,1-2,1-2,,,,,,,,,,,,,,,,,,,,,1:10,,,,,,,,,,,,,,,,,,,,,,,,,,,,,,,
4/6/2022,,GM,2021,Snorkel,-122.5404831,40.58161273,16.391,16.690,,,8.2,Above,10/4/2021,Chinook,,R1,,2,,Native,,1-2,1-2,1-2,,,,,,,,,,,,,,,,,,,,,1:10,,,,,,,,,,,,,,,,,,,,,,,,,,,,,,,
4/6/2022,,GM,2021,Snorkel,-122.5404503,40.58158994,16.389,16.688,,,8.2,Above,10/4/2021,Chinook,,R1,,2,,Native,,1-2,1-2,1-2,,,,,,,,,,,,,,,,,,,,,1:10,,,,,,,,,,,,,,,,,,,,,,,,,,,,,,,
4/6/2022,,GM,2021,Snorkel,-122.5405585,40.58153567,16.393,16.692,,,8.2,Above,10/4/2021,Chinook,,R1,,2,,Native,,1-2,1-2,1-2,,,,,,,,,,,,,,,,,,,,,1:10,,,,,,,,,,,,,,,,,,,,,,,,,,,,,,,
4/6/2022,,GM,2021,Snorkel,-122.5388414,40.58015129,16.230,16.528,,,8.2,Above,10/4/2021,Chinook,,R1,,2,,Combination,,0.1 - 1,1-2,1-2,,,,,,,,,,,,,,,,,,,,,1:10,,,,,,,,,,,,,,,,,,,,,,,,,,,,,,,
4/6/2022,,GM,2021,Snorkel,-122.5383742,40.5790403,16.148,16.446,,,8.2,Above,10/6/2021,Chinook,,R2,,2,,Combination,,1-2,2-3,2-3,,,,,32,37,28,99,70,,,,68000,69215,100,69000,70885,100,,,,,,,,,,,,,,,,,,,,,,,,,,,,,,,,,,
4/6/2022,,GM,2021,Snorkel,-122.5353899,40.57450538,15.682,15.991,,,8.2,Above,10/6/2021,Chinook,,R2,,2,,Combination,,2-3,2-3,2-3,,,,,,,,,,,,,,,,,,,,,,,,,,,,,,,,,,,,,,,,,,,,,,,,,,,,
4/6/2022,,GM,2021,Snorkel,-122.5351869,40.57446701,15.671,15.981,,,8.2,Above,10/6/2021,Chinook,,R2,,2,,Combination,,1-2,2-3,2-3,,,,,,,,,,,,,,,,,,,,,,,,,,,,,,,,,,,,,,,,,,,,,,,,,,,,
4/6/2022,,GM,2021,Snorkel,-122.5351248,40.57446504,15.668,15.977,,,8.2,Above,10/6/2021,Chinook,,R2,,2,,Combination,,1-2,2-3,2-3,,,,,,,,,,,,,,,,,,,,,,,,,,,,,,,,,,,,,,,,,,,,,,,,,,,,
4/6/2022,,GM,2021,Snorkel,-122.5350091,40.57445556,15.662,15.971,,,8.2,Above,10/6/2021,Chinook,,R2,,2,,Injection,,0.1 - 1,1-2,1-2,,,,,,,,,,,,,,,,,,,,,,,,,,,,,,,,,,,,,,,,,,,,,,,,,,,,
4/6/2022,,GM,2021,Snorkel,-122.5340675,40.5741727,15.607,15.916,,,8.2,Above,10/6/2021,Chinook,,R2,,2,,Injection,,1-2,1-2,1-2,,,,,,,,,,,,,,,,,,,,,,,,,,,,,,,,,,,,,,,,,,,,,,,,,,,,
4/6/2022,,GM,2021,Snorkel,-122.5324509,40.57220651,15.444,15.752,,,8.2,Above,10/6/2021,Chinook,,R2,,2,,Injection,,1-2,1-2,1-2,,,,,,,,,,,,,,,,,,,,,,,,,,,,,,,,,,,,,,,,,,,,,,,,,,,,
4/6/2022,,GM,2021,Snorkel,-122.5321353,40.57122496,15.372,15.681,,,8.2,Above,10/6/2021,Chinook,,R2,,2,,Combination,,1-2,1-2,1-2,,,,,,,,,,,,,,,,,,,,,,,,,,,,,,,,,,,,,,,,,,,,,,,,,,,,
4/6/2022,,GM,2021,Snorkel,-122.5323275,40.57024749,15.302,15.611,,,8.2,Above,10/6/2021,Chinook,,R2,,2,,Injection,,1-2,1-2,1-2,,,,,,,,,,,,,,,,,,,,,,,,,,,,,,,,,,,,,,,,,,,,,,,,,,,,
4/6/2022,,GM,2021,Snorkel,-122.5324276,40.56881792,15.201,15.509,,,8.2,Above,10/6/2021,Chinook,,R2,,2,,Combination,,1-2,1-2,2-3,,,,,,,,,,,,,,,,,,,,,,,,,,,,,,,,,,,,,,,,,,,,,,,,,,,,
4/6/2022,,GM,2021,Snorkel,-122.5323647,40.56874821,15.195,15.504,,,8.2,Above,10/6/2021,Chinook,,R2,,2,,Combination,,1-2,1-2,1-2,,,,,,,,,,,,,,,,,,,,,,,,,,,,,,,,,,,,,,,,,,,,,,,,,,,,
4/6/2022,,GM,2021,Snorkel,-122.5323878,40.5686757,15.192,15.500,,,8.2,Above,10/6/2021,Chinook,,R2,,2,,Combination,,1-2,1-2,1-2,,,,,,,,,,,,,,,,,,,,,,,,,,,,,,,,,,,,,,,,,,,,,,,,,,,,
4/6/2022,,GM,2021,Snorkel,-122.5320351,40.56847184,15.169,15.478,,,8.2,Above,10/6/2021,Chinook,,R2,,2,,Injection,,0.1 - 1,1-2,1-2,,,,,,,,,,,,,,,,,,,,,,,,,,,,,,,,,,,,,,,,,,,,,,,,,,,,
4/6/2022,,GM,2021,Snorkel,-122.5320208,40.5684075,15.164,15.474,,,8.2,Above,10/6/2021,Chinook,,R2,,2,,Injection,,0.1 - 1,1-2,1-2,,,,,,,,,,,,,,,,,,,,,,,,,,,,,,,,,,,,,,,,,,,,,,,,,,,,
4/6/2022,,GM,2021,Snorkel,-122.5318536,40.56836133,15.157,15.466,,,8.2,Above,10/6/2021,Chinook,,R2,,2,,Injection,,0.1 - 1,1-2,1-2,,,,,14,20,3,107,77,,,,71000,72531,100,,,,,,,,,,,,,,,,,,,,,,,,,,,,,,,,,,,,,
4/6/2022,,GM,2021,Snorkel,-122.5318116,40.56829837,15.152,15.461,,,8.2,Above,10/6/2021,Chinook,,R2,,3,,Injection,,0.1 - 1,1-2,1-2,,,,,,,,,,,,,,,,,,,,,,,,,,,,,,,,,,,,,,,,,,,,,,,,,,,,
4/6/2022,,GM,2021,Snorkel,-122.5317581,40.56824256,15.147,15.456,,,8.2,Above,10/6/2021,Chinook,,R2,,2,,Injection,,0.1 - 1,1-2,1-2,,,,,,,,,,,,,,,,,,,,,Big redd,,,,,,,,,,,,,,,,,,,,,,,,,,,,,,,
4/6/2022,,GM,2021,Snorkel,-122.5312886,40.5679383,15.115,15.424,,,8.2,Above,10/6/2021,Chinook,,R2,,2,,Injection,,0.1 - 1,1-2,1-2,,,,,,,,,,,,,,,,,,,,,,,,,,,,,,,,,,,,,,,,,,,,,,,,,,,,
4/6/2022,,GM,2021,Snorkel,-122.531253,40.56792111,15.112,15.422,,,8.2,Above,10/6/2021,Chinook,,R2,,2,,Injection,,0.1 - 1,1-2,1-2,,,,,,,,,,,,,,,,,,,,,,,,,,,,,,,,,,,,,,,,,,,,,,,,,,,,
4/6/2022,,GM,2021,Snorkel,-122.5312717,40.5679527,15.115,15.424,,,8.2,Above,10/6/2021,Chinook,,R2,,2,,Injection,,0.1 - 1,1-2,1-2,,,,,,,,,,,,,,,,,,,,,,,,,,,,,,,,,,,,,,,,,,,,,,,,,,,,
4/6/2022,,GM,2021,Snorkel,-122.5308245,40.5671243,15.048,15.358,,,8.2,Above,10/6/2021,Chinook,,R2,,2,,Combination,,0.1 - 1,1-2,1-2,,,,,,,,,,,,,,,,,,,,,,,,,,,,,,,,,,,,,,,,,,,,,,,,,,,,
4/6/2022,,GM,2021,Snorkel,-122.5302683,40.56409738,14.825,15.140,,,8.2,Above,10/6/2021,Chinook,,R2,,2,,Combination,,0.1 - 1,1-2,1-2,,,,,,,,,,,,,,,,,,,,,,,,,,,,,,,,,,,,,,,,,,,,,,,,,,,,
4/6/2022,,GM,2021,Snorkel,-122.5302575,40.56405309,14.822,15.137,,,8.2,Above,10/6/2021,Chinook,,R2,,2,,Combination,,0.1 - 1,1-2,1-2,,,,,,,,,,,,,,,,,,,,,,,,,,,,,,,,,,,,,,,,,,,,,,,,,,,,
4/6/2022,,GM,2021,Snorkel,-122.5306675,40.56295905,14.741,15.056,,,8.2,Above,10/6/2021,Chinook,,R2,,2,,Injection,,0.1 - 1,1-2,1-2,,,,,,,,,,,,,,,,,,,,,,,,,,,,,,,,,,,,,,,,,,,,,,,,,,,,
4/6/2022,,GM,2021,Snorkel,-122.5306705,40.56291277,14.738,15.053,,,8.2,Above,10/6/2021,Chinook,,R2,,2,,Injection,,0.1 - 1,1-2,1-2,,,,,,,,,,,,,,,,,,,,,,,,,,,,,,,,,,,,,,,,,,,,,,,,,,,,
4/6/2022,,GM,2021,Snorkel,-122.5312352,40.54805119,13.668,13.990,,,8.2,Above,10/6/2021,Chinook,,R2,,2,,Combination,,0.1 - 1,< 0.1,1-2,,,,,,,,,,,,,,,,,,,,,,,,,,,,,,,,,,,,,,,,,,,,,,,,,,,,
4/6/2022,,GM,2021,Snorkel,-122.5311818,40.54796991,13.662,13.983,,,8.2,Above,10/6/2021,Chinook,,R2,,2,,Combination,,< 0.1,0.1 - 1,1-2,,,,,,,,,,,,,,,,,,,,,fish on redd,,,,,,,,,,,,,,,,,,,,,,,,,,,,,,,
4/6/2022,,GM,2021,Snorkel,-122.5213691,40.51057654,10.628,10.959,,,8.2,Above,10/7/2021,Chinook,,R4,,2,,Combination,,1-2,1-2,1-2,,,,,29,34,24,138,56,,,,73000,76023,100,,,,,,20-Jan,,,,,,,,,,,,,,,,,,,,,,,,,,,,,,,
4/6/2022,,GM,2021,Snorkel,-122.5214104,40.51055671,10.630,10.961,,,8.2,Above,10/7/2021,Chinook,,R4,,2,,Combination,,< 0.1,< 0.1,1-2,,,,,,,,,,,,,,,,,,,,,,,,,,,,,,,,,,,,,,,,,,,,,,,,,,,,
4/6/2022,,GM,2021,Snorkel,-122.5213403,40.51048639,10.625,10.955,,,8.2,Above,10/7/2021,Chinook,,R4,,2,,Combination,,1-2,1-2,1-2,,,,,,,,,,,,,,,,,,,,,,,,,,,,,,,,,,,,,,,,,,,,,,,,,,,,
4/6/2022,,GM,2021,Snorkel,-122.5195451,40.51035109,10.530,10.859,,,8.2,Above,10/7/2021,Chinook,,R4,,2,,Combination,,1-2,1-2,1-2,,,,,,,,,,,,,,,,,,,,,,,,,,,,,,,,,,,,,,,,,,,,,,,,,,,,
4/6/2022,,GM,2021,Snorkel,-122.5186263,40.51020965,10.477,10.806,,,8.2,Above,10/7/2021,Chinook,,R4,,2,,Combination,,< 0.1,1-2,1-2,,,,,,,,,,,,,,,,,,,,,,,,,,,,,,,,,,,,,,,,,,,,,,,,,,,,
4/6/2022,,GM,2021,Snorkel,-122.5186678,40.51026536,10.479,10.808,,,8.2,Above,10/7/2021,Chinook,,R4,,2,,Combination,,< 0.1,1-2,1-2,,,,,,,,,,,,,,,,,,,,,,,,,,,,,,,,,,,,,,,,,,,,,,,,,,,,
4/6/2022,,GM,2021,Snorkel,-122.5171708,40.51041899,10.398,10.728,,,8.2,Above,10/7/2021,Chinook,,R4,,2,,Combination,,1-2,< 0.1,1-2,,,,,,,,,,,,,,,,,,,,,,,,,,,,,,,,,,,,,,,,,,,,,,,,,,,,
4/6/2022,,GM,2021,Snorkel,-122.5147791,40.50846328,10.152,10.481,,,8.2,Above,10/7/2021,Chinook,,R4,,3,,Combination,,< 0.1,< 0.1,1-2,,,,,,,,,,,,,,,,,,,,,,,,,,,,,,,,,,,,,,,,,,,,,,,,,,,,
4/6/2022,,GM,2021,Snorkel,-122.5147946,40.5084284,10.150,10.478,,,8.2,Above,10/7/2021,Chinook,,R4,,2,,Combination,,1-2,1-2,1-2,,,,,,,,,,,,,,,,,,,,,,,,,,,,,,,,,,,,,,,,,,,,,,,,,,,,
4/6/2022,,GM,2021,Snorkel,-122.5147807,40.50837863,10.146,10.475,,,8.2,Above,10/7/2021,Chinook,,R4,,2,,Combination,,1-2,1-2,1-2,,,,,,,,,,,,,,,,,,,,,,,,,,,,,,,,,,,,,,,,,,,,,,,,,,,,
4/6/2022,,GM,2021,Snorkel,-122.5148056,40.50837404,10.146,10.475,,,8.2,Above,10/7/2021,Chinook,,R4,,2,,Combination,,1-2,1-2,1-2,,,,,,,,,,,,,,,,,,,,,,,,,,,,,,,,,,,,,,,,,,,,,,,,,,,,
4/6/2022,,GM,2021,Snorkel,-122.5146832,40.50835405,10.144,10.473,,,8.2,Above,10/7/2021,Chinook,,R4,,2,,Combination,,1-2,1-2,1-2,,,,,,,,,,,,,,,,,,,,,,,,,,,,,,,,,,,,,,,,,,,,,,,,,,,,
4/6/2022,,GM,2021,Snorkel,-122.5147193,40.50834902,10.144,10.473,,,8.2,Above,10/7/2021,Chinook,,R4,,2,,Combination,,< 0.1,1-2,1-2,,,,,,,,,,,,,,,,,,,,,,,,,,,,,,,,,,,,,,,,,,,,,,,,,,,,
4/6/2022,,GM,2021,Snorkel,-122.5148549,40.50833176,10.143,10.472,,,8.2,Above,10/7/2021,Chinook,,R4,,2,,Combination,,1-2,1-2,1-2,,,,,,,,,,,,,,,,,,,,,,,,,,,,,,,,,,,,,,,,,,,,,,,,,,,,
4/6/2022,,GM,2021,Snorkel,-122.5147583,40.50824239,10.137,10.465,,,8.2,Above,10/7/2021,Chinook,,R4,,2,,Combination,,1-2,1-2,1-2,,,,,,,,,,,,,,,,,,,,,,,,,,,,,,,,,,,,,,,,,,,,,,,,,,,,
4/6/2022,,GM,2021,Snorkel,-122.514675,40.50821913,10.135,10.464,,,8.2,Above,10/7/2021,Chinook,,R4,,2,,Combination,,1-2,1-2,1-2,,,,,,,,,,,,,,,,,,,,,,,,,,,,,,,,,,,,,,,,,,,,,,,,,,,,
4/6/2022,,GM,2021,Snorkel,-122.5147557,40.50820406,10.134,10.463,,,8.2,Above,10/7/2021,Chinook,,R4,,2,,Combination,,1-2,1-2,1-2,,,,,,,,,,,,,,,,,,,,,,,,,,,,,,,,,,,,,,,,,,,,,,,,,,,,
4/6/2022,,GM,2021,Snorkel,-122.5148337,40.50821188,10.135,10.463,,,8.2,Above,10/7/2021,Chinook,,R4,,2,,Combination,,1-2,1-2,1-2,,,,,,,,,,,,,,,,,,,,,,,,,,,,,,,,,,,,,,,,,,,,,,,,,,,,
4/6/2022,,GM,2021,Snorkel,-122.5147743,40.50805629,10.124,10.453,,,8.2,Above,10/7/2021,Chinook,,R4,,2,,Combination,,1-2,1-2,1-2,,,,,,,,,,,,,,,,,,,,,,,,,,,,,,,,,,,,,,,,,,,,,,,,,,,,
4/6/2022,,GM,2021,Snorkel,-122.5148338,40.50810276,10.127,10.456,,,8.2,Above,10/7/2021,Chinook,,R4,,2,,Combination,,1-2,1-2,1-2,,,,,,,,,,,,,,,,,,,,,,,,,,,,,,,,,,,,,,,,,,,,,,,,,,,,
4/6/2022,,GM,2021,Snorkel,-122.5326106,40.54010229,13.097,13.425,,,8.2,Above,10/7/2021,Chinook,,R3,,2,,Native,,< 0.1,0.1 - 1,1-2,,,,,,,,,,,,,,,,,,,,,1 in5 sample ,,,,,,,,,,,,,,,,,,,,,,,,,,,,,,,
4/6/2022,,GM,2021,Snorkel,-122.5325942,40.5401404,13.100,13.427,,,8.2,Above,10/7/2021,Chinook,,R3,,2,,Native,,< 0.1,< 0.1,2-3,,,,,46,58,28,137,111,,,,616000,617216,100,617000,618563,100,,,1 in 5 sample,,,,,,,,,,,,,,,,,,,,,,,,,,,,,,,
4/6/2022,,GM,2021,Snorkel,-122.535577,40.53364654,12.551,12.884,,,8.2,Above,10/7/2021,Chinook,,R3,,2,,Native,,1-2,1-2,2-3,,,,,,,,,,,,,,,,,,,,,"1 in 5 sample, large Cobble mixed in",,,,,,,,,,,,,,,,,,,,,,,,,,,,,,,
4/6/2022,,GM,2021,Snorkel,-122.5353205,40.53086767,12.355,12.688,,,8.2,Above,10/7/2021,Chinook,,R3,,2,,Native,,0.1 - 1,0.1 - 1,2-3,,,,,,,,,,,,,,,,,,,,,1 in 5 sample,,,,,,,,,,,,,,,,,,,,,,,,,,,,,,,
4/6/2022,,GM,2021,Snorkel,-122.5352751,40.53079824,12.350,12.683,,,8.2,Above,10/7/2021,Chinook,,R3,,2,,Native,,0.1 - 1,0.1 - 1,0.1 - 1,,,,,,,,,,,,,,,,,,,,,1 in 5 sample,,,,,,,,,,,,,,,,,,,,,,,,,,,,,,,
4/6/2022,,GM,2021,Snorkel,-122.5352525,40.53077883,12.348,12.682,,,8.2,Above,10/7/2021,Chinook,,R3,,2,,Native,,0.1 - 1,0.1 - 1,2-3,,,,,15,25,13,107,101,,,,619000,620591,100,,,,,,1:05,,,,,,,,,,,,,,,,,,,,,,,,,,,,,,,
4/6/2022,,GM,2021,Snorkel,-122.534471,40.52735493,12.084,12.415,,,8.2,Above,10/7/2021,Chinook,,R3,,2,,Native,,0.1 - 1,0.1 - 1,1-2,,,,,,,,,,,,,,,,,,,,,1:05,,,,,,,,,,,,,,,,,,,,,,,,,,,,,,,
4/6/2022,,GM,2021,Snorkel,-122.5331597,40.52588107,11.958,12.286,,,8.2,Above,10/7/2021,Chinook,,R3,,2,,Native,,0.1 - 1,0.1 - 1,0.1 - 1,,,,,,,,,,,,,,,,,,,,,"1:5, very sandy!",,,,,,,,,,,,,,,,,,,,,,,,,,,,,,,
4/6/2022,,GM,2021,Snorkel,-122.5300633,40.52144059,11.598,11.924,,,8.2,Above,10/7/2021,Chinook,,R3,,2,,Native,,0.1 - 1,1-2,1-2,,,,,,,,,,,,,,,,,,,,,"1:5, 6 feet deep",,,,,,,,,,,,,,,,,,,,,,,,,,,,,,,
4/6/2022,,GM,2021,Snorkel,-122.5298924,40.52118469,11.578,11.904,,,8.2,Above,10/7/2021,Chinook,,R3,,2,,Native,,0.1 - 1,1-2,1-2,,,,,,,,,,,,,,,,,,,,,"1:5, 6+ft deep ",,,,,,,,,,,,,,,,,,,,,,,,,,,,,,,
4/6/2022,,GM,2021,Snorkel,-122.5299154,40.52102174,11.567,11.894,,,8.2,Above,10/7/2021,Chinook,,R3,,2,,Native,,< 0.1,0.1 - 1,1-2,,,,,,,,,,,,,,,,,,,,,1:5. Too deep to measure,,,,,,,,,,,,,,,,,,,,,,,,,,,,,,,
4/6/2022,,GM,2021,Snorkel,-122.5271798,40.51708245,11.254,11.582,,,8.2,Above,10/7/2021,Chinook,,R3,,2,,Native,,< 0.1,0.1 - 1,2-3,,,,,59,67,54,206,72,,,,621000,622297,100,622000,623651,100,,,,,,,,,,,,,,,,,,,,,,,,,,,,,,,,,,
4/6/2022,,GM,2021,Snorkel,-122.5270655,40.51703709,11.248,11.575,,,8.2,Above,10/7/2021,Chinook,,R3,,2,,Native,,0.1 - 1,0.1 - 1,1-2,,,,,,,,,,,,,,,,,,,,,1:05,,,,,,,,,,,,,,,,,,,,,,,,,,,,,,,
4/6/2022,,GM,2021,Snorkel,-122.5269152,40.51690496,11.236,11.563,,,8.2,Above,10/7/2021,Chinook,,R3,,2,,Native,,0.1 - 1,1-2,1-2,,,,,,,,,,,,,,,,,,,,,1:05,,,,,,,,,,,,,,,,,,,,,,,,,,,,,,,
4/6/2022,,GM,2021,Snorkel,-122.526738,40.51682789,11.225,11.553,,,8.2,Above,10/7/2021,Chinook,,R3,,2,,Native,,4-5,1-2,1-2,,,,,,,,,,,,,,,,,,,,,1:05,,,,,,,,,,,,,,,,,,,,,,,,,,,,,,,
4/6/2022,,GM,2021,Snorkel,-122.5259499,40.51625878,11.168,11.495,,,8.2,Above,10/7/2021,Chinook,,R3,,2,,Native,,0.1 - 1,0.1 - 1,2-3,,,,,,,,,,,,,,,,,,,,,1:05,,,,,,,,,,,,,,,,,,,,,,,,,,,,,,,
4/6/2022,,GM,2021,Snorkel,-122.5258783,40.51620979,11.163,11.490,,,8.2,Above,10/7/2021,Chinook,,R3,,2,,Native,,0.1 - 1,0.1 - 1,0.1 - 1,,,,,,,,,,,,,,,,,,,,,1:05,,,,,,,,,,,,,,,,,,,,,,,,,,,,,,,
4/6/2022,,GM,2021,Snorkel,-122.5257585,40.51615873,11.156,11.483,,,8.2,Above,10/7/2021,Chinook,,R3,,2,,Native,,0.1 - 1,1-2,1-2,,,,,,,,,,,,,,,,,,,,,1:05,,,,,,,,,,,,,,,,,,,,,,,,,,,,,,,
4/6/2022,,GM,2021,Snorkel,-122.5256329,40.51606364,11.147,11.474,,,8.2,Above,10/7/2021,Chinook,,R3,,2,,Native,,1-2,2-3,2-3,,,,,33,39,31,193,182,,,,624000,626557,100,627000,630199,100,,,1:05,,,,,,,,,,,,,,,,,,,,,,,,,,,,,,,
4/6/2022,,GM,2021,Snorkel,-122.5256441,40.51599998,11.145,11.472,,,8.2,Above,10/7/2021,Chinook,,R3,,2,,Native,,0.1 - 1,0.1 - 1,1-2,,,,,,,,,,,,,,,,,,,,,1:05,,,,,,,,,,,,,,,,,,,,,,,,,,,,,,,
4/6/2022,,GM,2021,Snorkel,-122.5255636,40.51605981,11.144,11.470,,,8.2,Above,10/7/2021,Chinook,,R3,,2,,Native,,1-2,1-2,2-3,,,,,,,,,,,,,,,,,,,,,1:05,,,,,,,,,,,,,,,,,,,,,,,,,,,,,,,
4/6/2022,,GM,2021,Snorkel,-122.5255169,40.51596636,11.138,11.464,,,8.2,Above,10/7/2021,Chinook,,R3,,3,,Native,,2-3,2-3,2-3,,,,,,,,,,,,,,,,,,,,,1:05,,,,,,,,,,,,,,,,,,,,,,,,,,,,,,,
4/6/2022,,GM,2021,Snorkel,-122.5255787,40.5159504,11.140,11.467,,,8.2,Above,10/7/2021,Chinook,,R3,,2,,Native,,0.1 - 1,1-2,1-2,,,,,,,,,,,,,,,,,,,,,1:05,,,,,,,,,,,,,,,,,,,,,,,,,,,,,,,
4/6/2022,,GM,2021,Snorkel,-122.5254695,40.51593145,11.134,11.461,,,8.2,Above,10/7/2021,Chinook,,R3,,2,,Native,,0.1 - 1,< 0.1,1-2,,,,,,,,,,,,,,,,,,,,,1:05,,,,,,,,,,,,,,,,,,,,,,,,,,,,,,,
4/6/2022,,GM,2021,Snorkel,-122.5253723,40.51586934,11.127,11.454,,,8.2,Above,10/7/2021,Chinook,,R3,,2,,Native,,0.1 - 1,< 0.1,1-2,,,,,,,,,,,,,,,,,,,,,1:05,,,,,,,,,,,,,,,,,,,,,,,,,,,,,,,
4/6/2022,,GM,2021,Snorkel,-122.50711,40.50350056,9.578,9.910,,,8.2,Above,10/7/2021,Chinook,,R4,,2,,Combination,,0.1 - 1,1-2,1-2,,,,,,,,,,,,,,,,,,,,,,,,,,,,,,,,,,,,,,,,,,,,,,,,,,,,
4/6/2022,,GM,2021,Snorkel,-122.5069873,40.50346991,9.571,9.903,,,8.2,Above,10/7/2021,Chinook,,R4,,2,,Combination,,1-2,1-2,1-2,,,,,,,,,,,,,,,,,,,,,,,,,,,,,,,,,,,,,,,,,,,,,,,,,,,,
4/6/2022,,GM,2021,Snorkel,-122.5068977,40.50346504,9.567,9.899,,,8.2,Above,10/7/2021,Chinook,,R4,,2,,Combination,,1-2,1-2,1-2,,,,,,,,,,,,,,,,,,,,,,,,,,,,,,,,,,,,,,,,,,,,,,,,,,,,
4/6/2022,,GM,2021,Snorkel,-122.5060323,40.50317451,9.517,9.847,,,8.2,Above,10/7/2021,Chinook,,R4,,2,,Combination,,2-3,1-2,1-2,,,,,21,26,17,211,71,,,,76000,80822,100,,,,,,,,,,,,,,,,,,,,,,,,,,,,,,,,,,,,,
4/6/2022,,GM,2021,Snorkel,-122.5050002,40.50287049,9.459,9.788,,,8.2,Above,10/7/2021,Chinook,,R4,,2,,Combination,,1-2,1-2,1-2,,,,,,,,,,,,,,,,,,,,,,,,,,,,,,,,,,,,,,,,,,,,,,,,,,,,
4/6/2022,,GM,2021,Snorkel,-122.5044857,40.50275806,9.431,9.760,,,8.2,Above,10/7/2021,Chinook,,R4,,2,,Combination,,1-2,1-2,1-2,,,,,,,,,,,,,,,,,,,,,,,,,,,,,,,,,,,,,,,,,,,,,,,,,,,,
4/6/2022,,GM,2021,Snorkel,-122.5044181,40.50277065,9.428,9.757,,,8.2,Above,10/7/2021,Chinook,,R4,,2,,Combination,,1-2,1-2,1-2,,,,,,,,,,,,,,,,,,,,,,,,,,,,,,,,,,,,,,,,,,,,,,,,,,,,
4/6/2022,,GM,2021,Snorkel,-122.5026872,40.50276596,9.335,9.663,,,8.2,Above,10/7/2021,Chinook,,R4,,2,,Combination,,1-2,< 0.1,1-2,,,,,,,,,,,,,,,,,,,,,,,,,,,,,,,,,,,,,,,,,,,,,,,,,,,,
4/6/2022,,GM,2021,Snorkel,-122.5027182,40.50273104,9.336,9.664,,,8.2,Above,10/7/2021,Chinook,,R4,,2,,Combination,,1-2,1-2,1-2,,,,,,,,,,,,,,,,,,,,,,,,,,,,,,,,,,,,,,,,,,,,,,,,,,,,
4/6/2022,,GM,2021,Snorkel,-122.5024831,40.50280761,9.324,9.653,,,8.2,Above,10/7/2021,Chinook,,R4,,2,,Combination,,1-2,1-2,1-2,,,,,,,,,,,,,,,,,,,,,,,,,,,,,,,,,,,,,,,,,,,,,,,,,,,,
4/6/2022,,GM,2021,Snorkel,-122.500873,40.49733979,8.912,9.241,,,8.2,Above,10/7/2021,Chinook,,R4,,2,,Combination,,1-2,1-2,1-2,,,,,,,,,,,,,,,,,,,,,,,,,,,,,,,,,,,,,,,,,,,,,,,,,,,,
4/6/2022,,GM,2021,Snorkel,-122.5008351,40.49732348,8.909,9.239,,,8.2,Above,10/7/2021,Chinook,,R4,,2,,Combination,,1-2,< 0.1,1-2,,,,,,,,,,,,,,,,,,,,,,,,,,,,,,,,,,,,,,,,,,,,,,,,,,,,
4/6/2022,,GM,2021,Snorkel,-122.5004443,40.49677198,8.867,9.197,,,8.2,Above,10/7/2021,Chinook,,R4,,2,,Combination,,1-2,< 0.1,1-2,,,,,,,,,,,,,,,,,,,,,,,,,,,,,,,,,,,,,,,,,,,,,,,,,,,,
4/6/2022,,GM,2021,Snorkel,-122.5004158,40.49658688,8.855,9.184,,,8.2,Above,10/7/2021,Chinook,,R4,,2,,Combination,,1-2,1-2,1-2,,,,,,,,,,,,,,,,,,,,,,,,,,,,,,,,,,,,,,,,,,,,,,,,,,,,
4/6/2022,,GM,2021,Snorkel,-122.5004591,40.49654503,8.853,9.182,,,8.2,Above,10/7/2021,Chinook,,R4,,2,,Combination,,< 0.1,1-2,1-2,,,,,19,28,14,218,105,,,,81000,84105,100,,,,,,,,,,,,,,,,,,,,,,,,,,,,,,,,,,,,,
4/6/2022,,GM,2021,Snorkel,-122.500422,40.49649903,8.849,9.178,,,8.2,Above,10/7/2021,Chinook,,R4,,2,,Combination,,1-2,1-2,1-2,,,,,,,,,,,,,,,,,,,,,,,,,,,,,,,,,,,,,,,,,,,,,,,,,,,,
4/6/2022,,GM,2021,Snorkel,-122.5003146,40.4964502,8.844,9.173,,,8.2,Above,10/7/2021,Chinook,,R4,,2,,Combination,,1-2,1-2,1-2,,,,,,,,,,,,,,,,,,,,,,,,,,,,,,,,,,,,,,,,,,,,,,,,,,,,
4/6/2022,,GM,2021,Snorkel,-122.500276,40.49638964,8.839,9.167,,,8.2,Above,10/7/2021,Chinook,,R4,,2,,Combination,,1-2,1-2,1-2,,,,,,,,,,,,,,,,,,,,,,,,,,,,,,,,,,,,,,,,,,,,,,,,,,,,
4/6/2022,,GM,2021,Snorkel,-122.4999874,40.496183,8.817,9.146,,,8.2,Above,10/7/2021,Chinook,,R4,,2,,Combination,,1-2,1-2,1-2,,,,,,,,,,,,,,,,,,,,,,,,,,,,,,,,,,,,,,,,,,,,,,,,,,,,
4/6/2022,,GM,2021,Snorkel,-122.4991735,40.49598251,8.768,9.099,,,8.2,Above,10/7/2021,Chinook,,R4,,2,,Combination,,1-2,1-2,1-2,,,,,,,,,,,,,,,,,,,,,"Small, could be o.mykiss?",,,,,,,,,,,,,,,,,,,,,,,,,,,,,,,
4/6/2022,,GM,2021,Snorkel,-122.4969285,40.4938091,8.558,8.885,,,8.2,Above,10/8/2021,Chinook,,R5A,,2,,Injection,,1-2,< 0.1,1-2,,,,,13,22,16,151,98,,,,630000,632269,100,,,,,,1 to 5,,,,,,,,,,,,,,,,,,,,,,,,,,,,,,,
4/6/2022,,GM,2021,Snorkel,-122.4967829,40.4936456,8.545,8.873,,,8.2,Above,10/8/2021,Chinook,,R5A,,2,,Injection,,2-3,1-2,1-2,,,,,,,,,,,,,,,,,,,,,1 to 5,,,,,,,,,,,,,,,,,,,,,,,,,,,,,,,
4/6/2022,,GM,2021,Snorkel,-122.4968072,40.4935806,8.541,8.869,,,8.2,Above,10/8/2021,Chinook,,R5A,,2,,Injection,,1-2,1-2,1-2,,,,,,,,,,,,,,,,,,,,,1 to 5,,,,,,,,,,,,,,,,,,,,,,,,,,,,,,,
4/6/2022,,GM,2021,Snorkel,-122.4967934,40.49348607,8.535,8.862,,,8.2,Above,10/8/2021,Chinook,,R5A,,2,,Injection,,1-2,1-2,1-2,,,,,,,,,,,,,,,,,,,,,1 to 5,,,,,,,,,,,,,,,,,,,,,,,,,,,,,,,
4/6/2022,,GM,2021,Snorkel,-122.4967265,40.49339564,8.528,8.855,,,8.2,Above,10/8/2021,Chinook,,R5A,,2,,Injection,,1-2,1-2,1-2,,,,,,,,,,,,,,,,,,,,,1 to 5,,,,,,,,,,,,,,,,,,,,,,,,,,,,,,,
4/6/2022,,GM,2021,Snorkel,-122.4965035,40.4918903,8.423,8.748,,,8.2,Above,10/8/2021,Chinook,,R5A,,2,,Combination,,1-2,1-2,1-2,,,,,12,20,12,193,90,,,,632000,633704,100,,,,,,1 to 5,,,,,,,,,,,,,,,,,,,,,,,,,,,,,,,
4/6/2022,,GM,2021,Snorkel,-122.5492254,40.58705104,17.293,17.630,,,8.2,Above,10/25/2021,Chinook,,R1,,3,,Combination,,1-2,2-3,2-3,,,,,16,24,12,110,83,,,,639000,641912,100,,,,,,measured 1/5 redds,,,,,,,,,,,,,,,,,,,,,,,,,,,,,,,
4/6/2022,,GM,2021,Snorkel,-122.5512971,40.58545097,17.137,17.473,,,8.2,Above,10/25/2021,Chinook,,R1,,2,,Native,,3-4,2-3,2-3,,,,,,,,,,,,,,,,,,,,,No measure. Subset 5,,,,,,,,,,,,,,,,,,,,,,,,,,,,,,,
4/6/2022,,GM,2021,Snorkel,-122.5498216,40.58482097,16.956,17.252,,,8.2,Above,10/25/2021,Chinook,,R1,,3,,Combination,,3-4,3-4,2-3,,,,,,,,,,,,,,,,,,,,,No measure. 1/5 redds,,,,,,,,,,,,,,,,,,,,,,,,,,,,,,,
4/6/2022,,GM,2021,Snorkel,-122.5455634,40.58434451,16.723,17.021,,,8.2,Above,10/25/2021,Chinook,,R1,,3,,Native,,3-4,4-5,3-4,,,,,,,,,,,,,,,,,,,,,No measure. 1/5 redds,,,,,,,,,,,,,,,,,,,,,,,,,,,,,,,
,,,,,,,,,,,,,,,,,,,,,,,,,,,,,,,,,,,,,,,,,,,,,,,,,,,,,,,,,,,,,,,,,,,,,,,,,,,,
,,,,,,,,,,,,,,,,,,,,,,,,,,,,,,,,,,,,,,,,,,,,,,,,,,,,,,,,,,,,,,,,,,,,,,,,,,,,
,,,,,,,,,,,,,,,,,,,,,,,,,,,,,,,,,,,,,,,,,,,,,,,,,,,,,,,,,,,,,,,,,,,,,,,,,,,,
,,,,,,,,,,,,,,,,,,,,,,,,,,,,,,,,,,,,,,,,,,,,,,,,,,,,,,,,,,,,,,,,,,,,,,,,,,,,
,,,,,,,,,,,,,,,,,,,,,,,,,,,,,,,,,,,,,,,,,,,,,,,,,,,,,,,,,,,,,,,,,,,,,,,,,,,,
,,,,,,,,,,,,,,,,,,,,,,,,,,,,,,,,,,,,,,,,,,,,,,,,,,,,,,,,,,,,,,,,,,,,,,,,,,,,
,,,,,,,,,,,,,,,,,,,,,,,,,,,,,,,,,,,,,,,,,,,,,,,,,,,,,,,,,,,,,,,,,,,,,,,,,,,,
,,,,,,,,,,,,,,,,,,,,,,,,,,,,,,,,,,,,,,,,,,,,,,,,,,,,,,,,,,,,,,,,,,,,,,,,,,,,
,,,,,,,,,,,,,,,,,,,,,,,,,,,,,,,,,,,,,,,,,,,,,,,,,,,,,,,,,,,,,,,,,,,,,,,,,,,,
,,,,,,,,,,,,,,,,,,,,,,,,,,,,,,,,,,,,,,,,,,,,,,,,,,,,,,,,,,,,,,,,,,,,,,,,,,,,
,,,,,,,,,,,,,,,,,,,,,,,,,,,,,,,,,,,,,,,,,,,,,,,,,,,,,,,,,,,,,,,,,,,,,,,,,,,,
,,,,,,,,,,,,,,,,,,,,,,,,,,,,,,,,,,,,,,,,,,,,,,,,,,,,,,,,,,,,,,,,,,,,,,,,,,,,
,,,,,,,,,,,,,,,,,,,,,,,,,,,,,,,,,,,,,,,,,,,,,,,,,,,,,,,,,,,,,,,,,,,,,,,,,,,,
,,,,,,,,,,,,,,,,,,,,,,,,,,,,,,,,,,,,,,,,,,,,,,,,,,,,,,,,,,,,,,,,,,,,,,,,,,,,
,,,,,,,,,,,,,,,,,,,,,,,,,,,,,,,,,,,,,,,,,,,,,,,,,,,,,,,,,,,,,,,,,,,,,,,,,,,,
,,,,,,,,,,,,,,,,,,,,,,,,,,,,,,,,,,,,,,,,,,,,,,,,,,,,,,,,,,,,,,,,,,,,,,,,,,,,
,,,,,,,,,,,,,,,,,,,,,,,,,,,,,,,,,,,,,,,,,,,,,,,,,,,,,,,,,,,,,,,,,,,,,,,,,,,,
,,,,,,,,,,,,,,,,,,,,,,,,,,,,,,,,,,,,,,,,,,,,,,,,,,,,,,,,,,,,,,,,,,,,,,,,,,,,
,,,,,,,,,,,,,,,,,,,,,,,,,,,,,,,,,,,,,,,,,,,,,,,,,,,,,,,,,,,,,,,,,,,,,,,,,,,,
,,,,,,,,,,,,,,,,,,,,,,,,,,,,,,,,,,,,,,,,,,,,,,,,,,,,,,,,,,,,,,,,,,,,,,,,,,,,
,,,,,,,,,,,,,,,,,,,,,,,,,,,,,,,,,,,,,,,,,,,,,,,,,,,,,,,,,,,,,,,,,,,,,,,,,,,,
,,,,,,,,,,,,,,,,,,,,,,,,,,,,,,,,,,,,,,,,,,,,,,,,,,,,,,,,,,,,,,,,,,,,,,,,,,,,
,,,,,,,,,,,,,,,,,,,,,,,,,,,,,,,,,,,,,,,,,,,,,,,,,,,,,,,,,,,,,,,,,,,,,,,,,,,,
,,,,,,,,,,,,,,,,,,,,,,,,,,,,,,,,,,,,,,,,,,,,,,,,,,,,,,,,,,,,,,,,,,,,,,,,,,,,
,,,,,,,,,,,,,,,,,,,,,,,,,,,,,,,,,,,,,,,,,,,,,,,,,,,,,,,,,,,,,,,,,,,,,,,,,,,,
,,,,,,,,,,,,,,,,,,,,,,,,,,,,,,,,,,,,,,,,,,,,,,,,,,,,,,,,,,,,,,,,,,,,,,,,,,,,
,,,,,,,,,,,,,,,,,,,,,,,,,,,,,,,,,,,,,,,,,,,,,,,,,,,,,,,,,,,,,,,,,,,,,,,,,,,,
,,,,,,,,,,,,,,,,,,,,,,,,,,,,,,,,,,,,,,,,,,,,,,,,,,,,,,,,,,,,,,,,,,,,,,,,,,,,
,,,,,,,,,,,,,,,,,,,,,,,,,,,,,,,,,,,,,,,,,,,,,,,,,,,,,,,,,,,,,,,,,,,,,,,,,,,,
,,,,,,,,,,,,,,,,,,,,,,,,,,,,,,,,,,,,,,,,,,,,,,,,,,,,,,,,,,,,,,,,,,,,,,,,,,,,
,,,,,,,,,,,,,,,,,,,,,,,,,,,,,,,,,,,,,,,,,,,,,,,,,,,,,,,,,,,,,,,,,,,,,,,,,,,,
,,,,,,,,,,,,,,,,,,,,,,,,,,,,,,,,,,,,,,,,,,,,,,,,,,,,,,,,,,,,,,,,,,,,,,,,,,,,
,,,,,,,,,,,,,,,,,,,,,,,,,,,,,,,,,,,,,,,,,,,,,,,,,,,,,,,,,,,,,,,,,,,,,,,,,,,,
,,,,,,,,,,,,,,,,,,,,,,,,,,,,,,,,,,,,,,,,,,,,,,,,,,,,,,,,,,,,,,,,,,,,,,,,,,,,
,,,,,,,,,,,,,,,,,,,,,,,,,,,,,,,,,,,,,,,,,,,,,,,,,,,,,,,,,,,,,,,,,,,,,,,,,,,,
,,,,,,,,,,,,,,,,,,,,,,,,,,,,,,,,,,,,,,,,,,,,,,,,,,,,,,,,,,,,,,,,,,,,,,,,,,,,
,,,,,,,,,,,,,,,,,,,,,,,,,,,,,,,,,,,,,,,,,,,,,,,,,,,,,,,,,,,,,,,,,,,,,,,,,,,,
,,,,,,,,,,,,,,,,,,,,,,,,,,,,,,,,,,,,,,,,,,,,,,,,,,,,,,,,,,,,,,,,,,,,,,,,,,,,
,,,,,,,,,,,,,,,,,,,,,,,,,,,,,,,,,,,,,,,,,,,,,,,,,,,,,,,,,,,,,,,,,,,,,,,,,,,,
,,,,,,,,,,,,,,,,,,,,,,,,,,,,,,,,,,,,,,,,,,,,,,,,,,,,,,,,,,,,,,,,,,,,,,,,,,,,
,,,,,,,,,,,,,,,,,,,,,,,,,,,,,,,,,,,,,,,,,,,,,,,,,,,,,,,,,,,,,,,,,,,,,,,,,,,,
,,,,,,,,,,,,,,,,,,,,,,,,,,,,,,,,,,,,,,,,,,,,,,,,,,,,,,,,,,,,,,,,,,,,,,,,,,,,
,,,,,,,,,,,,,,,,,,,,,,,,,,,,,,,,,,,,,,,,,,,,,,,,,,,,,,,,,,,,,,,,,,,,,,,,,,,,
,,,,,,,,,,,,,,,,,,,,,,,,,,,,,,,,,,,,,,,,,,,,,,,,,,,,,,,,,,,,,,,,,,,,,,,,,,,,
,,,,,,,,,,,,,,,,,,,,,,,,,,,,,,,,,,,,,,,,,,,,,,,,,,,,,,,,,,,,,,,,,,,,,,,,,,,,
,,,,,,,,,,,,,,,,,,,,,,,,,,,,,,,,,,,,,,,,,,,,,,,,,,,,,,,,,,,,,,,,,,,,,,,,,,,,
,,,,,,,,,,,,,,,,,,,,,,,,,,,,,,,,,,,,,,,,,,,,,,,,,,,,,,,,,,,,,,,,,,,,,,,,,,,,
,,,,,,,,,,,,,,,,,,,,,,,,,,,,,,,,,,,,,,,,,,,,,,,,,,,,,,,,,,,,,,,,,,,,,,,,,,,,
,,,,,,,,,,,,,,,,,,,,,,,,,,,,,,,,,,,,,,,,,,,,,,,,,,,,,,,,,,,,,,,,,,,,,,,,,,,,
,,,,,,,,,,,,,,,,,,,,,,,,,,,,,,,,,,,,,,,,,,,,,,,,,,,,,,,,,,,,,,,,,,,,,,,,,,,,
,,,,,,,,,,,,,,,,,,,,,,,,,,,,,,,,,,,,,,,,,,,,,,,,,,,,,,,,,,,,,,,,,,,,,,,,,,,,
,,,,,,,,,,,,,,,,,,,,,,,,,,,,,,,,,,,,,,,,,,,,,,,,,,,,,,,,,,,,,,,,,,,,,,,,,,,,
,,,,,,,,,,,,,,,,,,,,,,,,,,,,,,,,,,,,,,,,,,,,,,,,,,,,,,,,,,,,,,,,,,,,,,,,,,,,
,,,,,,,,,,,,,,,,,,,,,,,,,,,,,,,,,,,,,,,,,,,,,,,,,,,,,,,,,,,,,,,,,,,,,,,,,,,,
,,,,,,,,,,,,,,,,,,,,,,,,,,,,,,,,,,,,,,,,,,,,,,,,,,,,,,,,,,,,,,,,,,,,,,,,,,,,
,,,,,,,,,,,,,,,,,,,,,,,,,,,,,,,,,,,,,,,,,,,,,,,,,,,,,,,,,,,,,,,,,,,,,,,,,,,,
,,,,,,,,,,,,,,,,,,,,,,,,,,,,,,,,,,,,,,,,,,,,,,,,,,,,,,,,,,,,,,,,,,,,,,,,,,,,
,,,,,,,,,,,,,,,,,,,,,,,,,,,,,,,,,,,,,,,,,,,,,,,,,,,,,,,,,,,,,,,,,,,,,,,,,,,,
,,,,,,,,,,,,,,,,,,,,,,,,,,,,,,,,,,,,,,,,,,,,,,,,,,,,,,,,,,,,,,,,,,,,,,,,,,,,
,,,,,,,,,,,,,,,,,,,,,,,,,,,,,,,,,,,,,,,,,,,,,,,,,,,,,,,,,,,,,,,,,,,,,,,,,,,,
,,,,,,,,,,,,,,,,,,,,,,,,,,,,,,,,,,,,,,,,,,,,,,,,,,,,,,,,,,,,,,,,,,,,,,,,,,,,
,,,,,,,,,,,,,,,,,,,,,,,,,,,,,,,,,,,,,,,,,,,,,,,,,,,,,,,,,,,,,,,,,,,,,,,,,,,,
,,,,,,,,,,,,,,,,,,,,,,,,,,,,,,,,,,,,,,,,,,,,,,,,,,,,,,,,,,,,,,,,,,,,,,,,,,,,
,,,,,,,,,,,,,,,,,,,,,,,,,,,,,,,,,,,,,,,,,,,,,,,,,,,,,,,,,,,,,,,,,,,,,,,,,,,,
,,,,,,,,,,,,,,,,,,,,,,,,,,,,,,,,,,,,,,,,,,,,,,,,,,,,,,,,,,,,,,,,,,,,,,,,,,,,
,,,,,,,,,,,,,,,,,,,,,,,,,,,,,,,,,,,,,,,,,,,,,,,,,,,,,,,,,,,,,,,,,,,,,,,,,,,,
,,,,,,,,,,,,,,,,,,,,,,,,,,,,,,,,,,,,,,,,,,,,,,,,,,,,,,,,,,,,,,,,,,,,,,,,,,,,
,,,,,,,,,,,,,,,,,,,,,,,,,,,,,,,,,,,,,,,,,,,,,,,,,,,,,,,,,,,,,,,,,,,,,,,,,,,,
,,,,,,,,,,,,,,,,,,,,,,,,,,,,,,,,,,,,,,,,,,,,,,,,,,,,,,,,,,,,,,,,,,,,,,,,,,,,
,,,,,,,,,,,,,,,,,,,,,,,,,,,,,,,,,,,,,,,,,,,,,,,,,,,,,,,,,,,,,,,,,,,,,,,,,,,,
,,,,,,,,,,,,,,,,,,,,,,,,,,,,,,,,,,,,,,,,,,,,,,,,,,,,,,,,,,,,,,,,,,,,,,,,,,,,
,,,,,,,,,,,,,,,,,,,,,,,,,,,,,,,,,,,,,,,,,,,,,,,,,,,,,,,,,,,,,,,,,,,,,,,,,,,,
,,,,,,,,,,,,,,,,,,,,,,,,,,,,,,,,,,,,,,,,,,,,,,,,,,,,,,,,,,,,,,,,,,,,,,,,,,,,
,,,,,,,,,,,,,,,,,,,,,,,,,,,,,,,,,,,,,,,,,,,,,,,,,,,,,,,,,,,,,,,,,,,,,,,,,,,,
,,,,,,,,,,,,,,,,,,,,,,,,,,,,,,,,,,,,,,,,,,,,,,,,,,,,,,,,,,,,,,,,,,,,,,,,,,,,
,,,,,,,,,,,,,,,,,,,,,,,,,,,,,,,,,,,,,,,,,,,,,,,,,,,,,,,,,,,,,,,,,,,,,,,,,,,,
,,,,,,,,,,,,,,,,,,,,,,,,,,,,,,,,,,,,,,,,,,,,,,,,,,,,,,,,,,,,,,,,,,,,,,,,,,,,
,,,,,,,,,,,,,,,,,,,,,,,,,,,,,,,,,,,,,,,,,,,,,,,,,,,,,,,,,,,,,,,,,,,,,,,,,,,,
,,,,,,,,,,,,,,,,,,,,,,,,,,,,,,,,,,,,,,,,,,,,,,,,,,,,,,,,,,,,,,,,,,,,,,,,,,,,
,,,,,,,,,,,,,,,,,,,,,,,,,,,,,,,,,,,,,,,,,,,,,,,,,,,,,,,,,,,,,,,,,,,,,,,,,,,,
,,,,,,,,,,,,,,,,,,,,,,,,,,,,,,,,,,,,,,,,,,,,,,,,,,,,,,,,,,,,,,,,,,,,,,,,,,,,
,,,,,,,,,,,,,,,,,,,,,,,,,,,,,,,,,,,,,,,,,,,,,,,,,,,,,,,,,,,,,,,,,,,,,,,,,,,,
,,,,,,,,,,,,,,,,,,,,,,,,,,,,,,,,,,,,,,,,,,,,,,,,,,,,,,,,,,,,,,,,,,,,,,,,,,,,
,,,,,,,,,,,,,,,,,,,,,,,,,,,,,,,,,,,,,,,,,,,,,,,,,,,,,,,,,,,,,,,,,,,,,,,,,,,,
,,,,,,,,,,,,,,,,,,,,,,,,,,,,,,,,,,,,,,,,,,,,,,,,,,,,,,,,,,,,,,,,,,,,,,,,,,,,
,,,,,,,,,,,,,,,,,,,,,,,,,,,,,,,,,,,,,,,,,,,,,,,,,,,,,,,,,,,,,,,,,,,,,,,,,,,,
,,,,,,,,,,,,,,,,,,,,,,,,,,,,,,,,,,,,,,,,,,,,,,,,,,,,,,,,,,,,,,,,,,,,,,,,,,,,
,,,,,,,,,,,,,,,,,,,,,,,,,,,,,,,,,,,,,,,,,,,,,,,,,,,,,,,,,,,,,,,,,,,,,,,,,,,,
,,,,,,,,,,,,,,,,,,,,,,,,,,,,,,,,,,,,,,,,,,,,,,,,,,,,,,,,,,,,,,,,,,,,,,,,,,,,
,,,,,,,,,,,,,,,,,,,,,,,,,,,,,,,,,,,,,,,,,,,,,,,,,,,,,,,,,,,,,,,,,,,,,,,,,,,,
,,,,,,,,,,,,,,,,,,,,,,,,,,,,,,,,,,,,,,,,,,,,,,,,,,,,,,,,,,,,,,,,,,,,,,,,,,,,
,,,,,,,,,,,,,,,,,,,,,,,,,,,,,,,,,,,,,,,,,,,,,,,,,,,,,,,,,,,,,,,,,,,,,,,,,,,,
,,,,,,,,,,,,,,,,,,,,,,,,,,,,,,,,,,,,,,,,,,,,,,,,,,,,,,,,,,,,,,,,,,,,,,,,,,,,
,,,,,,,,,,,,,,,,,,,,,,,,,,,,,,,,,,,,,,,,,,,,,,,,,,,,,,,,,,,,,,,,,,,,,,,,,,,,
,,,,,,,,,,,,,,,,,,,,,,,,,,,,,,,,,,,,,,,,,,,,,,,,,,,,,,,,,,,,,,,,,,,,,,,,,,,,
,,,,,,,,,,,,,,,,,,,,,,,,,,,,,,,,,,,,,,,,,,,,,,,,,,,,,,,,,,,,,,,,,,,,,,,,,,,,
,,,,,,,,,,,,,,,,,,,,,,,,,,,,,,,,,,,,,,,,,,,,,,,,,,,,,,,,,,,,,,,,,,,,,,,,,,,,
,,,,,,,,,,,,,,,,,,,,,,,,,,,,,,,,,,,,,,,,,,,,,,,,,,,,,,,,,,,,,,,,,,,,,,,,,,,,
,,,,,,,,,,,,,,,,,,,,,,,,,,,,,,,,,,,,,,,,,,,,,,,,,,,,,,,,,,,,,,,,,,,,,,,,,,,,
,,,,,,,,,,,,,,,,,,,,,,,,,,,,,,,,,,,,,,,,,,,,,,,,,,,,,,,,,,,,,,,,,,,,,,,,,,,,
,,,,,,,,,,,,,,,,,,,,,,,,,,,,,,,,,,,,,,,,,,,,,,,,,,,,,,,,,,,,,,,,,,,,,,,,,,,,
,,,,,,,,,,,,,,,,,,,,,,,,,,,,,,,,,,,,,,,,,,,,,,,,,,,,,,,,,,,,,,,,,,,,,,,,,,,,
,,,,,,,,,,,,,,,,,,,,,,,,,,,,,,,,,,,,,,,,,,,,,,,,,,,,,,,,,,,,,,,,,,,,,,,,,,,,
,,,,,,,,,,,,,,,,,,,,,,,,,,,,,,,,,,,,,,,,,,,,,,,,,,,,,,,,,,,,,,,,,,,,,,,,,,,,
,,,,,,,,,,,,,,,,,,,,,,,,,,,,,,,,,,,,,,,,,,,,,,,,,,,,,,,,,,,,,,,,,,,,,,,,,,,,
,,,,,,,,,,,,,,,,,,,,,,,,,,,,,,,,,,,,,,,,,,,,,,,,,,,,,,,,,,,,,,,,,,,,,,,,,,,,
,,,,,,,,,,,,,,,,,,,,,,,,,,,,,,,,,,,,,,,,,,,,,,,,,,,,,,,,,,,,,,,,,,,,,,,,,,,,
,,,,,,,,,,,,,,,,,,,,,,,,,,,,,,,,,,,,,,,,,,,,,,,,,,,,,,,,,,,,,,,,,,,,,,,,,,,,
,,,,,,,,,,,,,,,,,,,,,,,,,,,,,,,,,,,,,,,,,,,,,,,,,,,,,,,,,,,,,,,,,,,,,,,,,,,,
,,,,,,,,,,,,,,,,,,,,,,,,,,,,,,,,,,,,,,,,,,,,,,,,,,,,,,,,,,,,,,,,,,,,,,,,,,,,
,,,,,,,,,,,,,,,,,,,,,,,,,,,,,,,,,,,,,,,,,,,,,,,,,,,,,,,,,,,,,,,,,,,,,,,,,,,,
,,,,,,,,,,,,,,,,,,,,,,,,,,,,,,,,,,,,,,,,,,,,,,,,,,,,,,,,,,,,,,,,,,,,,,,,,,,,
,,,,,,,,,,,,,,,,,,,,,,,,,,,,,,,,,,,,,,,,,,,,,,,,,,,,,,,,,,,,,,,,,,,,,,,,,,,,
,,,,,,,,,,,,,,,,,,,,,,,,,,,,,,,,,,,,,,,,,,,,,,,,,,,,,,,,,,,,,,,,,,,,,,,,,,,,
,,,,,,,,,,,,,,,,,,,,,,,,,,,,,,,,,,,,,,,,,,,,,,,,,,,,,,,,,,,,,,,,,,,,,,,,,,,,
,,,,,,,,,,,,,,,,,,,,,,,,,,,,,,,,,,,,,,,,,,,,,,,,,,,,,,,,,,,,,,,,,,,,,,,,,,,,
,,,,,,,,,,,,,,,,,,,,,,,,,,,,,,,,,,,,,,,,,,,,,,,,,,,,,,,,,,,,,,,,,,,,,,,,,,,,
,,,,,,,,,,,,,,,,,,,,,,,,,,,,,,,,,,,,,,,,,,,,,,,,,,,,,,,,,,,,,,,,,,,,,,,,,,,,
,,,,,,,,,,,,,,,,,,,,,,,,,,,,,,,,,,,,,,,,,,,,,,,,,,,,,,,,,,,,,,,,,,,,,,,,,,,,
,,,,,,,,,,,,,,,,,,,,,,,,,,,,,,,,,,,,,,,,,,,,,,,,,,,,,,,,,,,,,,,,,,,,,,,,,,,,
,,,,,,,,,,,,,,,,,,,,,,,,,,,,,,,,,,,,,,,,,,,,,,,,,,,,,,,,,,,,,,,,,,,,,,,,,,,,
,,,,,,,,,,,,,,,,,,,,,,,,,,,,,,,,,,,,,,,,,,,,,,,,,,,,,,,,,,,,,,,,,,,,,,,,,,,,
,,,,,,,,,,,,,,,,,,,,,,,,,,,,,,,,,,,,,,,,,,,,,,,,,,,,,,,,,,,,,,,,,,,,,,,,,,,,
,,,,,,,,,,,,,,,,,,,,,,,,,,,,,,,,,,,,,,,,,,,,,,,,,,,,,,,,,,,,,,,,,,,,,,,,,,,,
,,,,,,,,,,,,,,,,,,,,,,,,,,,,,,,,,,,,,,,,,,,,,,,,,,,,,,,,,,,,,,,,,,,,,,,,,,,,
,,,,,,,,,,,,,,,,,,,,,,,,,,,,,,,,,,,,,,,,,,,,,,,,,,,,,,,,,,,,,,,,,,,,,,,,,,,,
,,,,,,,,,,,,,,,,,,,,,,,,,,,,,,,,,,,,,,,,,,,,,,,,,,,,,,,,,,,,,,,,,,,,,,,,,,,,
,,,,,,,,,,,,,,,,,,,,,,,,,,,,,,,,,,,,,,,,,,,,,,,,,,,,,,,,,,,,,,,,,,,,,,,,,,,,
,,,,,,,,,,,,,,,,,,,,,,,,,,,,,,,,,,,,,,,,,,,,,,,,,,,,,,,,,,,,,,,,,,,,,,,,,,,,
,,,,,,,,,,,,,,,,,,,,,,,,,,,,,,,,,,,,,,,,,,,,,,,,,,,,,,,,,,,,,,,,,,,,,,,,,,,,
,,,,,,,,,,,,,,,,,,,,,,,,,,,,,,,,,,,,,,,,,,,,,,,,,,,,,,,,,,,,,,,,,,,,,,,,,,,,
,,,,,,,,,,,,,,,,,,,,,,,,,,,,,,,,,,,,,,,,,,,,,,,,,,,,,,,,,,,,,,,,,,,,,,,,,,,,
,,,,,,,,,,,,,,,,,,,,,,,,,,,,,,,,,,,,,,,,,,,,,,,,,,,,,,,,,,,,,,,,,,,,,,,,,,,,
,,,,,,,,,,,,,,,,,,,,,,,,,,,,,,,,,,,,,,,,,,,,,,,,,,,,,,,,,,,,,,,,,,,,,,,,,,,,
,,,,,,,,,,,,,,,,,,,,,,,,,,,,,,,,,,,,,,,,,,,,,,,,,,,,,,,,,,,,,,,,,,,,,,,,,,,,
,,,,,,,,,,,,,,,,,,,,,,,,,,,,,,,,,,,,,,,,,,,,,,,,,,,,,,,,,,,,,,,,,,,,,,,,,,,,
,,,,,,,,,,,,,,,,,,,,,,,,,,,,,,,,,,,,,,,,,,,,,,,,,,,,,,,,,,,,,,,,,,,,,,,,,,,,
,,,,,,,,,,,,,,,,,,,,,,,,,,,,,,,,,,,,,,,,,,,,,,,,,,,,,,,,,,,,,,,,,,,,,,,,,,,,
,,,,,,,,,,,,,,,,,,,,,,,,,,,,,,,,,,,,,,,,,,,,,,,,,,,,,,,,,,,,,,,,,,,,,,,,,,,,
,,,,,,,,,,,,,,,,,,,,,,,,,,,,,,,,,,,,,,,,,,,,,,,,,,,,,,,,,,,,,,,,,,,,,,,,,,,,
,,,,,,,,,,,,,,,,,,,,,,,,,,,,,,,,,,,,,,,,,,,,,,,,,,,,,,,,,,,,,,,,,,,,,,,,,,,,
,,,,,,,,,,,,,,,,,,,,,,,,,,,,,,,,,,,,,,,,,,,,,,,,,,,,,,,,,,,,,,,,,,,,,,,,,,,,
,,,,,,,,,,,,,,,,,,,,,,,,,,,,,,,,,,,,,,,,,,,,,,,,,,,,,,,,,,,,,,,,,,,,,,,,,,,,
,,,,,,,,,,,,,,,,,,,,,,,,,,,,,,,,,,,,,,,,,,,,,,,,,,,,,,,,,,,,,,,,,,,,,,,,,,,,
,,,,,,,,,,,,,,,,,,,,,,,,,,,,,,,,,,,,,,,,,,,,,,,,,,,,,,,,,,,,,,,,,,,,,,,,,,,,
,,,,,,,,,,,,,,,,,,,,,,,,,,,,,,,,,,,,,,,,,,,,,,,,,,,,,,,,,,,,,,,,,,,,,,,,,,,,
,,,,,,,,,,,,,,,,,,,,,,,,,,,,,,,,,,,,,,,,,,,,,,,,,,,,,,,,,,,,,,,,,,,,,,,,,,,,
,,,,,,,,,,,,,,,,,,,,,,,,,,,,,,,,,,,,,,,,,,,,,,,,,,,,,,,,,,,,,,,,,,,,,,,,,,,,
,,,,,,,,,,,,,,,,,,,,,,,,,,,,,,,,,,,,,,,,,,,,,,,,,,,,,,,,,,,,,,,,,,,,,,,,,,,,
,,,,,,,,,,,,,,,,,,,,,,,,,,,,,,,,,,,,,,,,,,,,,,,,,,,,,,,,,,,,,,,,,,,,,,,,,,,,
,,,,,,,,,,,,,,,,,,,,,,,,,,,,,,,,,,,,,,,,,,,,,,,,,,,,,,,,,,,,,,,,,,,,,,,,,,,,
,,,,,,,,,,,,,,,,,,,,,,,,,,,,,,,,,,,,,,,,,,,,,,,,,,,,,,,,,,,,,,,,,,,,,,,,,,,,
,,,,,,,,,,,,,,,,,,,,,,,,,,,,,,,,,,,,,,,,,,,,,,,,,,,,,,,,,,,,,,,,,,,,,,,,,,,,
,,,,,,,,,,,,,,,,,,,,,,,,,,,,,,,,,,,,,,,,,,,,,,,,,,,,,,,,,,,,,,,,,,,,,,,,,,,,
,,,,,,,,,,,,,,,,,,,,,,,,,,,,,,,,,,,,,,,,,,,,,,,,,,,,,,,,,,,,,,,,,,,,,,,,,,,,
,,,,,,,,,,,,,,,,,,,,,,,,,,,,,,,,,,,,,,,,,,,,,,,,,,,,,,,,,,,,,,,,,,,,,,,,,,,,
,,,,,,,,,,,,,,,,,,,,,,,,,,,,,,,,,,,,,,,,,,,,,,,,,,,,,,,,,,,,,,,,,,,,,,,,,,,,
,,,,,,,,,,,,,,,,,,,,,,,,,,,,,,,,,,,,,,,,,,,,,,,,,,,,,,,,,,,,,,,,,,,,,,,,,,,,
,,,,,,,,,,,,,,,,,,,,,,,,,,,,,,,,,,,,,,,,,,,,,,,,,,,,,,,,,,,,,,,,,,,,,,,,,,,,
,,,,,,,,,,,,,,,,,,,,,,,,,,,,,,,,,,,,,,,,,,,,,,,,,,,,,,,,,,,,,,,,,,,,,,,,,,,,
,,,,,,,,,,,,,,,,,,,,,,,,,,,,,,,,,,,,,,,,,,,,,,,,,,,,,,,,,,,,,,,,,,,,,,,,,,,,
,,,,,,,,,,,,,,,,,,,,,,,,,,,,,,,,,,,,,,,,,,,,,,,,,,,,,,,,,,,,,,,,,,,,,,,,,,,,
,,,,,,,,,,,,,,,,,,,,,,,,,,,,,,,,,,,,,,,,,,,,,,,,,,,,,,,,,,,,,,,,,,,,,,,,,,,,
,,,,,,,,,,,,,,,,,,,,,,,,,,,,,,,,,,,,,,,,,,,,,,,,,,,,,,,,,,,,,,,,,,,,,,,,,,,,
,,,,,,,,,,,,,,,,,,,,,,,,,,,,,,,,,,,,,,,,,,,,,,,,,,,,,,,,,,,,,,,,,,,,,,,,,,,,
,,,,,,,,,,,,,,,,,,,,,,,,,,,,,,,,,,,,,,,,,,,,,,,,,,,,,,,,,,,,,,,,,,,,,,,,,,,,
